year,hdi,country_code,hdi_rank
1990,302,AFG,138
1991,307,AFG,138
1992,316,AFG,136
1993,312,AFG,138
1994,307,AFG,138
1995,331,AFG,140
1996,335,AFG,141
1997,339,AFG,141
1998,344,AFG,141
1999,348,AFG,143
2000,350,AFG,163
2001,353,AFG,163
2002,384,AFG,162
2003,393,AFG,163
2004,409,AFG,165
2005,418,AFG,170
2006,429,AFG,171
2007,447,AFG,166
2008,447,AFG,169
2009,460,AFG,167
2010,472,AFG,165
2011,477,AFG,167
2012,489,AFG,165
2013,496,AFG,165
2014,500,AFG,165
2015,500,AFG,168
2016,502,AFG,169
2017,506,AFG,170
2018,509,AFG,170
2019,511,AFG,170
1990,650,ALB,65
1991,631,ALB,74
1992,615,ALB,80
1993,618,ALB,79
1994,624,ALB,75
1995,637,ALB,75
1996,646,ALB,75
1997,645,ALB,75
1998,655,ALB,75
1999,665,ALB,73
2000,671,ALB,85
2001,678,ALB,85
2002,684,ALB,84
2003,691,ALB,83
2004,696,ALB,83
2005,706,ALB,81
2006,713,ALB,83
2007,722,ALB,82
2008,728,ALB,83
2009,733,ALB,82
2010,745,ALB,79
2011,764,ALB,69
2012,775,ALB,65
2013,782,ALB,65
2014,787,ALB,65
2015,788,ALB,68
2016,788,ALB,68
2017,790,ALB,68
2018,792,ALB,68
2019,795,ALB,69
1990,572,DZA,90
1991,576,DZA,90
1992,582,DZA,89
1993,586,DZA,89
1994,590,DZA,88
1995,595,DZA,89
1996,602,DZA,89
1997,611,DZA,88
1998,621,DZA,88
1999,629,DZA,87
2000,637,DZA,97
2001,647,DZA,96
2002,657,DZA,97
2003,667,DZA,95
2004,677,DZA,95
2005,685,DZA,96
2006,690,DZA,99
2007,700,DZA,97
2008,702,DZA,98
2009,711,DZA,96
2010,721,DZA,92
2011,728,DZA,93
2012,728,DZA,95
2013,729,DZA,94
2014,736,DZA,91
2015,740,DZA,90
2016,743,DZA,91
2017,745,DZA,92
2018,746,DZA,92
2019,748,DZA,92
2000,813,AND,29
2001,815,AND,29
2002,820,AND,31
2003,827,AND,32
2004,833,AND,30
2005,827,AND,34
2006,837,AND,32
2007,837,AND,34
2008,840,AND,33
2009,839,AND,34
2010,837,AND,34
2011,836,AND,37
2012,858,AND,33
2013,856,AND,33
2014,863,AND,32
2015,862,AND,35
2016,866,AND,35
2017,863,AND,36
2018,867,AND,36
2019,868,AND,36
1999,391,AGO,138
2000,400,AGO,158
2001,410,AGO,157
2002,426,AGO,155
2003,435,AGO,155
2004,446,AGO,153
2005,460,AGO,156
2006,473,AGO,153
2007,489,AGO,152
2008,501,AGO,151
2009,515,AGO,147
2010,517,AGO,151
2011,533,AGO,148
2012,544,AGO,148
2013,555,AGO,148
2014,565,AGO,145
2015,572,AGO,146
2016,578,AGO,145
2017,582,AGO,146
2018,582,AGO,146
2019,581,AGO,149
2005,764,ATG,53
2006,771,ATG,55
2007,776,ATG,55
2008,774,ATG,60
2009,767,ATG,63
2010,763,ATG,69
2011,755,ATG,76
2012,759,ATG,75
2013,760,ATG,78
2014,760,ATG,79
2015,762,ATG,80
2016,765,ATG,79
2017,768,ATG,79
2018,772,ATG,78
2019,778,ATG,78
1990,718,ARG,43
1991,725,ARG,42
1992,730,ARG,39
1993,735,ARG,39
1994,739,ARG,39
1995,741,ARG,42
1996,748,ARG,42
1997,757,ARG,40
1998,763,ARG,41
1999,774,ARG,39
2000,781,ARG,41
2001,786,ARG,41
2002,781,ARG,44
2003,786,ARG,45
2004,787,ARG,46
2005,788,ARG,48
2006,812,ARG,41
2007,817,ARG,41
2008,821,ARG,41
2009,821,ARG,43
2010,829,ARG,39
2011,835,ARG,38
2012,834,ARG,41
2013,835,ARG,44
2014,836,ARG,44
2015,840,ARG,44
2016,839,ARG,46
2017,843,ARG,46
2018,842,ARG,46
2019,845,ARG,46
1990,654,ARM,63
1991,648,ARM,67
1992,618,ARM,77
1993,617,ARM,80
1994,621,ARM,79
1995,627,ARM,78
1996,634,ARM,77
1997,645,ARM,76
1998,657,ARM,74
1999,664,ARM,74
2000,669,ARM,86
2001,673,ARM,86
2002,682,ARM,87
2003,691,ARM,84
2004,700,ARM,81
2005,712,ARM,78
2006,726,ARM,76
2007,741,ARM,76
2008,745,ARM,75
2009,742,ARM,78
2010,747,ARM,77
2011,751,ARM,80
2012,756,ARM,79
2013,762,ARM,76
2014,764,ARM,77
2015,768,ARM,75
2016,766,ARM,78
2017,769,ARM,78
2018,771,ARM,80
2019,776,ARM,81
1990,871,AUS,1
1991,871,AUS,1
1992,873,AUS,1
1993,876,AUS,2
1994,879,AUS,3
1995,888,AUS,1
1996,890,AUS,1
1997,893,AUS,1
1998,896,AUS,2
1999,900,AUS,2
2000,903,AUS,2
2001,905,AUS,2
2002,907,AUS,3
2003,909,AUS,3
2004,911,AUS,2
2005,906,AUS,6
2006,909,AUS,6
2007,912,AUS,5
2008,926,AUS,2
2009,928,AUS,3
2010,930,AUS,3
2011,932,AUS,4
2012,937,AUS,3
2013,931,AUS,6
2014,933,AUS,6
2015,938,AUS,3
2016,939,AUS,7
2017,941,AUS,7
2018,943,AUS,7
2019,944,AUS,8
1990,803,AUT,14
1991,808,AUT,14
1992,813,AUT,15
1993,817,AUT,16
1994,821,AUT,17
1995,825,AUT,17
1996,829,AUT,19
1997,832,AUT,19
1998,837,AUT,20
1999,842,AUT,20
2000,847,AUT,21
2001,857,AUT,20
2002,847,AUT,23
2003,851,AUT,24
2004,858,AUT,23
2005,863,AUT,25
2006,870,AUT,24
2007,890,AUT,17
2008,893,AUT,18
2009,895,AUT,18
2010,904,AUT,14
2011,906,AUT,16
2012,908,AUT,16
2013,905,AUT,19
2014,913,AUT,18
2015,915,AUT,18
2016,917,AUT,18
2017,919,AUT,18
2018,921,AUT,18
2019,922,AUT,18
1995,604,AZE,88
1996,605,AZE,88
1997,610,AZE,89
1998,619,AZE,89
1999,629,AZE,88
2000,635,AZE,98
2001,643,AZE,98
2002,651,AZE,98
2003,659,AZE,98
2004,667,AZE,98
2005,674,AZE,101
2006,701,AZE,91
2007,706,AZE,93
2008,716,AZE,92
2009,727,AZE,86
2010,726,AZE,89
2011,727,AZE,94
2012,730,AZE,92
2013,735,AZE,89
2014,740,AZE,89
2015,744,AZE,88
2016,751,AZE,88
2017,754,AZE,87
2018,754,AZE,89
2019,756,AZE,89
2000,797,BHS,34
2001,798,BHS,35
2002,800,BHS,37
2003,799,BHS,38
2004,800,BHS,40
2005,801,BHS,42
2006,804,BHS,44
2007,804,BHS,45
2008,804,BHS,46
2009,803,BHS,47
2010,805,BHS,46
2011,805,BHS,49
2012,807,BHS,49
2013,806,BHS,53
2014,805,BHS,55
2015,808,BHS,56
2016,810,BHS,56
2017,812,BHS,57
2018,812,BHS,58
2019,814,BHS,59
1990,749,BHR,29
1991,755,BHR,28
1992,760,BHR,28
1993,769,BHR,28
1994,772,BHR,29
1995,778,BHR,29
1996,782,BHR,30
1997,783,BHR,31
1998,787,BHR,32
1999,789,BHR,33
2000,795,BHR,35
2001,796,BHR,38
2002,795,BHR,39
2003,797,BHR,40
2004,796,BHR,43
2005,795,BHR,45
2006,797,BHR,47
2007,799,BHR,48
2008,800,BHR,48
2009,798,BHR,50
2010,800,BHR,50
2011,801,BHR,50
2012,808,BHR,47
2013,815,BHR,48
2014,820,BHR,48
2015,848,BHR,41
2016,853,BHR,40
2017,854,BHR,40
2018,852,BHR,41
2019,852,BHR,42
1990,394,BGD,124
1991,401,BGD,123
1992,410,BGD,120
1993,418,BGD,119
1994,426,BGD,118
1995,434,BGD,119
1996,443,BGD,120
1997,452,BGD,118
1998,461,BGD,117
1999,469,BGD,115
2000,478,BGD,131
2001,486,BGD,131
2002,492,BGD,132
2003,499,BGD,132
2004,506,BGD,134
2005,514,BGD,139
2006,521,BGD,140
2007,528,BGD,140
2008,531,BGD,142
2009,543,BGD,141
2010,557,BGD,141
2011,566,BGD,141
2012,575,BGD,140
2013,579,BGD,142
2014,579,BGD,142
2015,595,BGD,139
2016,606,BGD,136
2017,616,BGD,136
2018,625,BGD,135
2019,632,BGD,134
1990,732,BRB,36
1991,733,BRB,36
1992,733,BRB,38
1993,737,BRB,38
1994,742,BRB,38
1995,747,BRB,39
1996,751,BRB,40
1997,757,BRB,41
1998,753,BRB,43
1999,760,BRB,43
2000,771,BRB,45
2001,770,BRB,46
2002,774,BRB,46
2003,778,BRB,48
2004,782,BRB,50
2005,787,BRB,49
2006,791,BRB,48
2007,796,BRB,49
2008,800,BRB,49
2009,800,BRB,48
2010,797,BRB,52
2011,799,BRB,52
2012,808,BRB,48
2013,807,BRB,52
2014,808,BRB,52
2015,809,BRB,53
2016,811,BRB,54
2017,810,BRB,60
2018,810,BRB,60
2019,814,BRB,58
1995,660,BLR,67
1996,664,BLR,68
1997,670,BLR,66
1998,674,BLR,66
1999,679,BLR,65
2000,686,BLR,73
2001,692,BLR,73
2002,699,BLR,74
2003,707,BLR,73
2004,717,BLR,70
2005,727,BLR,72
2006,744,BLR,67
2007,760,BLR,62
2008,777,BLR,58
2009,787,BLR,54
2010,795,BLR,53
2011,801,BLR,51
2012,806,BLR,51
2013,811,BLR,49
2014,814,BLR,49
2015,814,BLR,51
2016,815,BLR,51
2017,819,BLR,52
2018,823,BLR,49
2019,823,BLR,53
1990,813,BEL,10
1991,817,BEL,11
1992,832,BEL,7
1993,845,BEL,8
1994,852,BEL,8
1995,859,BEL,7
1996,864,BEL,7
1997,869,BEL,7
1998,873,BEL,7
1999,875,BEL,7
2000,880,BEL,7
2001,883,BEL,9
2002,886,BEL,9
2003,889,BEL,11
2004,893,BEL,11
2005,897,BEL,10
2006,904,BEL,9
2007,907,BEL,10
2008,906,BEL,11
2009,907,BEL,9
2010,910,BEL,11
2011,911,BEL,11
2012,913,BEL,13
2013,916,BEL,15
2014,918,BEL,16
2015,922,BEL,14
2016,924,BEL,13
2017,929,BEL,13
2018,930,BEL,13
2019,931,BEL,14
1990,610,BLZ,80
1991,614,BLZ,79
1992,621,BLZ,75
1993,624,BLZ,75
1994,623,BLZ,77
1995,624,BLZ,81
1996,624,BLZ,83
1997,626,BLZ,85
1998,628,BLZ,86
1999,633,BLZ,85
2000,640,BLZ,96
2001,644,BLZ,97
2002,651,BLZ,99
2003,659,BLZ,99
2004,665,BLZ,100
2005,662,BLZ,103
2006,672,BLZ,103
2007,674,BLZ,104
2008,679,BLZ,105
2009,684,BLZ,106
2010,695,BLZ,107
2011,694,BLZ,108
2012,701,BLZ,106
2013,702,BLZ,107
2014,705,BLZ,108
2015,710,BLZ,107
2016,717,BLZ,107
2017,714,BLZ,107
2018,714,BLZ,109
2019,716,BLZ,111
1990,364,BEN,131
1991,371,BEN,129
1992,375,BEN,129
1993,382,BEN,127
1994,386,BEN,127
1995,391,BEN,130
1996,394,BEN,131
1997,399,BEN,131
1998,403,BEN,131
1999,409,BEN,132
2000,416,BEN,153
2001,428,BEN,152
2002,438,BEN,150
2003,445,BEN,149
2004,453,BEN,150
2005,459,BEN,157
2006,467,BEN,159
2007,475,BEN,159
2008,482,BEN,159
2009,488,BEN,159
2010,494,BEN,160
2011,500,BEN,160
2012,510,BEN,159
2013,522,BEN,158
2014,527,BEN,158
2015,532,BEN,158
2016,533,BEN,157
2017,536,BEN,159
2018,541,BEN,159
2019,545,BEN,159
2005,520,BTN,137
2006,526,BTN,139
2007,542,BTN,138
2008,551,BTN,138
2009,561,BTN,137
2010,574,BTN,138
2011,585,BTN,137
2012,597,BTN,135
2013,610,BTN,132
2014,618,BTN,131
2015,628,BTN,130
2016,637,BTN,130
2017,646,BTN,130
2018,649,BTN,130
2019,654,BTN,130
1990,551,BOL,94
1991,559,BOL,93
1992,566,BOL,92
1993,573,BOL,92
1994,581,BOL,91
1995,589,BOL,90
1996,595,BOL,91
1997,598,BOL,92
1998,610,BOL,90
1999,619,BOL,90
2000,627,BOL,101
2001,630,BOL,100
2002,637,BOL,101
2003,640,BOL,102
2004,641,BOL,104
2005,643,BOL,110
2006,649,BOL,113
2007,649,BOL,115
2008,658,BOL,113
2009,663,BOL,112
2010,667,BOL,115
2011,671,BOL,116
2012,675,BOL,117
2013,684,BOL,116
2014,690,BOL,114
2015,697,BOL,113
2016,702,BOL,114
2017,710,BOL,110
2018,714,BOL,110
2019,718,BOL,108
2000,679,BIH,77
2001,684,BIH,80
2002,689,BIH,81
2003,695,BIH,77
2004,701,BIH,79
2005,706,BIH,82
2006,712,BIH,84
2007,719,BIH,84
2008,726,BIH,85
2009,727,BIH,87
2010,721,BIH,93
2011,729,BIH,92
2012,748,BIH,82
2013,755,BIH,82
2014,758,BIH,81
2015,761,BIH,81
2016,772,BIH,73
2017,774,BIH,73
2018,777,BIH,73
2019,780,BIH,73
1990,573,BWA,89
1991,579,BWA,89
1992,577,BWA,91
1993,576,BWA,90
1994,570,BWA,95
1995,576,BWA,96
1996,575,BWA,96
1997,577,BWA,98
1998,580,BWA,99
1999,582,BWA,99
2000,581,BWA,116
2001,582,BWA,117
2002,579,BWA,119
2003,586,BWA,120
2004,592,BWA,121
2005,601,BWA,124
2006,615,BWA,124
2007,628,BWA,122
2008,641,BWA,120
2009,650,BWA,120
2010,663,BWA,119
2011,677,BWA,111
2012,689,BWA,110
2013,701,BWA,108
2014,711,BWA,106
2015,717,BWA,106
2016,720,BWA,106
2017,726,BWA,105
2018,730,BWA,103
2019,735,BWA,101
1990,613,BRA,77
1991,621,BRA,76
1992,627,BRA,73
1993,635,BRA,73
1994,642,BRA,71
1995,651,BRA,72
1996,658,BRA,70
1997,665,BRA,70
1998,670,BRA,70
1999,676,BRA,68
2000,685,BRA,74
2001,691,BRA,74
2002,699,BRA,72
2003,695,BRA,78
2004,698,BRA,82
2005,700,BRA,86
2006,702,BRA,90
2007,706,BRA,94
2008,717,BRA,90
2009,719,BRA,92
2010,727,BRA,88
2011,731,BRA,90
2012,735,BRA,89
2013,753,BRA,84
2014,756,BRA,82
2015,756,BRA,84
2016,758,BRA,84
2017,761,BRA,84
2018,762,BRA,84
2019,765,BRA,84
1990,767,BRN,24
1991,771,BRN,24
1992,777,BRN,24
1993,781,BRN,24
1994,786,BRN,24
1995,790,BRN,24
1996,793,BRN,26
1997,794,BRN,27
1998,794,BRN,30
1999,800,BRN,29
2000,802,BRN,33
2001,803,BRN,33
2002,807,BRN,33
2003,813,BRN,33
2004,818,BRN,35
2005,822,BRN,35
2006,825,BRN,36
2007,825,BRN,36
2008,825,BRN,38
2009,827,BRN,38
2010,827,BRN,41
2011,831,BRN,40
2012,839,BRN,38
2013,839,BRN,40
2014,838,BRN,41
2015,838,BRN,47
2016,839,BRN,47
2017,838,BRN,47
2018,836,BRN,47
2019,838,BRN,47
1990,708,BGR,47
1991,705,BGR,49
1992,705,BGR,49
1993,704,BGR,48
1994,705,BGR,47
1995,710,BGR,47
1996,718,BGR,47
1997,713,BGR,50
1998,718,BGR,50
1999,716,BGR,52
2000,720,BGR,58
2001,730,BGR,55
2002,736,BGR,55
2003,745,BGR,55
2004,752,BGR,55
2005,758,BGR,55
2006,765,BGR,56
2007,773,BGR,56
2008,780,BGR,56
2009,782,BGR,56
2010,788,BGR,54
2011,791,BGR,55
2012,795,BGR,55
2013,801,BGR,55
2014,806,BGR,54
2015,809,BGR,54
2016,811,BGR,55
2017,811,BGR,58
2018,813,BGR,56
2019,816,BGR,56
2000,293,BFA,173
2001,298,BFA,174
2002,303,BFA,175
2003,310,BFA,175
2004,320,BFA,178
2005,332,BFA,184
2006,341,BFA,185
2007,352,BFA,184
2008,364,BFA,184
2009,373,BFA,184
2010,384,BFA,185
2011,394,BFA,185
2012,403,BFA,185
2013,410,BFA,185
2014,413,BFA,185
2015,422,BFA,184
2016,428,BFA,184
2017,439,BFA,184
2018,443,BFA,184
2019,452,BFA,184
1990,299,BDI,139
1991,302,BDI,139
1992,299,BDI,139
1993,299,BDI,139
1994,296,BDI,140
1995,292,BDI,144
1996,289,BDI,144
1997,290,BDI,145
1998,294,BDI,145
1999,295,BDI,150
2000,300,BDI,170
2001,301,BDI,172
2002,311,BDI,173
2003,319,BDI,173
2004,330,BDI,176
2005,337,BDI,182
2006,359,BDI,183
2007,371,BDI,182
2008,384,BDI,183
2009,401,BDI,180
2010,411,BDI,181
2011,419,BDI,181
2012,426,BDI,181
2013,432,BDI,182
2014,438,BDI,181
2015,437,BDI,181
2016,438,BDI,182
2017,434,BDI,185
2018,431,BDI,185
2019,433,BDI,186
2000,569,CPV,118
2001,573,CPV,118
2002,583,CPV,118
2003,588,CPV,118
2004,590,CPV,122
2005,596,CPV,125
2006,611,CPV,125
2007,617,CPV,125
2008,625,CPV,125
2009,630,CPV,125
2010,632,CPV,126
2011,639,CPV,126
2012,644,CPV,125
2013,647,CPV,124
2014,654,CPV,123
2015,656,CPV,124
2016,657,CPV,124
2017,660,CPV,127
2018,663,CPV,126
2019,665,CPV,127
1990,368,KHM,129
1991,372,KHM,128
1992,377,KHM,127
1993,381,KHM,128
1994,385,KHM,128
1995,391,KHM,131
1996,396,KHM,130
1997,401,KHM,130
1998,406,KHM,130
1999,411,KHM,131
2000,424,KHM,151
2001,438,KHM,147
2002,457,KHM,145
2003,470,KHM,141
2004,482,KHM,139
2005,494,KHM,143
2006,506,KHM,144
2007,520,KHM,144
2008,525,KHM,143
2009,528,KHM,143
2010,539,KHM,144
2011,546,KHM,144
2012,552,KHM,146
2013,559,KHM,145
2014,565,KHM,146
2015,570,KHM,147
2016,576,KHM,147
2017,582,KHM,147
2018,585,KHM,145
2019,594,KHM,145
1990,448,CMR,114
1991,445,CMR,114
1992,441,CMR,114
1993,435,CMR,115
1994,433,CMR,116
1995,432,CMR,120
1996,431,CMR,122
1997,432,CMR,124
1998,434,CMR,125
1999,436,CMR,126
2000,440,CMR,146
2001,456,CMR,139
2002,458,CMR,144
2003,464,CMR,145
2004,469,CMR,147
2005,470,CMR,152
2006,471,CMR,156
2007,482,CMR,156
2008,490,CMR,156
2009,498,CMR,156
2010,505,CMR,157
2011,514,CMR,155
2012,525,CMR,153
2013,534,CMR,155
2014,540,CMR,155
2015,549,CMR,152
2016,553,CMR,152
2017,557,CMR,154
2018,560,CMR,154
2019,563,CMR,154
1990,850,CAN,3
1991,854,CAN,3
1992,857,CAN,4
1993,855,CAN,4
1994,859,CAN,5
1995,862,CAN,5
1996,864,CAN,6
1997,863,CAN,9
1998,861,CAN,10
1999,864,CAN,12
2000,867,CAN,12
2001,871,CAN,14
2002,877,CAN,14
2003,882,CAN,14
2004,888,CAN,15
2005,894,CAN,15
2006,898,CAN,13
2007,896,CAN,15
2008,898,CAN,17
2009,898,CAN,16
2010,901,CAN,17
2011,903,CAN,18
2012,906,CAN,18
2013,913,CAN,17
2014,918,CAN,15
2015,921,CAN,15
2016,923,CAN,16
2017,926,CAN,14
2018,928,CAN,14
2019,929,CAN,16
1990,334,CAF,134
1991,328,CAF,136
1992,315,CAF,137
1993,315,CAF,137
1994,317,CAF,137
1995,319,CAF,142
1996,315,CAF,142
1997,318,CAF,142
1998,320,CAF,143
1999,323,CAF,147
2000,325,CAF,167
2001,327,CAF,167
2002,328,CAF,169
2003,328,CAF,172
2004,331,CAF,175
2005,336,CAF,183
2006,342,CAF,184
2007,347,CAF,185
2008,352,CAF,185
2009,356,CAF,186
2010,365,CAF,187
2011,374,CAF,187
2012,381,CAF,187
2013,363,CAF,187
2014,368,CAF,187
2015,375,CAF,187
2016,382,CAF,187
2017,391,CAF,188
2018,395,CAF,188
2019,397,CAF,188
2000,293,TCD,172
2001,301,TCD,173
2002,307,TCD,174
2003,305,TCD,176
2004,324,TCD,177
2005,327,TCD,185
2006,330,TCD,186
2007,340,TCD,186
2008,346,TCD,186
2009,361,TCD,185
2010,369,TCD,186
2011,380,TCD,186
2012,388,TCD,186
2013,394,TCD,186
2014,401,TCD,186
2015,398,TCD,186
2016,393,TCD,186
2017,396,TCD,187
2018,397,TCD,187
2019,398,TCD,187
1990,706,CHL,50
1991,715,CHL,46
1992,722,CHL,40
1993,715,CHL,42
1994,720,CHL,42
1995,728,CHL,44
1996,735,CHL,44
1997,742,CHL,44
1998,743,CHL,44
1999,750,CHL,45
2000,756,CHL,49
2001,767,CHL,48
2002,769,CHL,49
2003,776,CHL,50
2004,785,CHL,49
2005,791,CHL,47
2006,791,CHL,49
2007,804,CHL,46
2008,814,CHL,44
2009,822,CHL,42
2010,803,CHL,48
2011,815,CHL,46
2012,821,CHL,46
2013,826,CHL,46
2014,837,CHL,43
2015,842,CHL,42
2016,845,CHL,42
2017,847,CHL,43
2018,849,CHL,43
2019,851,CHL,43
1990,499,CHN,103
1991,507,CHN,102
1992,517,CHN,102
1993,527,CHN,102
1994,534,CHN,100
1995,545,CHN,102
1996,554,CHN,102
1997,563,CHN,102
1998,571,CHN,101
1999,579,CHN,101
2000,588,CHN,112
2001,596,CHN,113
2002,606,CHN,113
2003,618,CHN,112
2004,628,CHN,110
2005,640,CHN,112
2006,653,CHN,110
2007,667,CHN,108
2008,678,CHN,106
2009,687,CHN,103
2010,699,CHN,101
2011,707,CHN,102
2012,716,CHN,101
2013,724,CHN,99
2014,731,CHN,97
2015,739,CHN,92
2016,746,CHN,89
2017,750,CHN,88
2018,755,CHN,87
2019,761,CHN,85
1990,603,COL,81
1991,606,COL,81
1992,617,COL,78
1993,624,COL,76
1994,631,COL,74
1995,637,COL,76
1996,647,COL,74
1997,655,COL,73
1998,662,COL,73
1999,662,COL,75
2000,666,COL,87
2001,668,COL,87
2002,671,COL,89
2003,670,COL,93
2004,684,COL,89
2005,689,COL,93
2006,698,COL,94
2007,711,COL,90
2008,718,COL,88
2009,720,COL,89
2010,729,COL,87
2011,734,COL,85
2012,739,COL,86
2013,742,COL,87
2014,753,COL,85
2015,756,COL,85
2016,760,COL,82
2017,763,COL,83
2018,764,COL,83
2019,767,COL,83
2000,465,COM,134
2001,470,COM,134
2002,475,COM,135
2003,481,COM,135
2004,483,COM,138
2005,489,COM,144
2006,495,COM,146
2007,501,COM,145
2008,508,COM,146
2009,514,COM,149
2010,521,COM,149
2011,533,COM,149
2012,538,COM,150
2013,542,COM,152
2014,543,COM,153
2015,545,COM,154
2016,547,COM,154
2017,550,COM,155
2018,552,COM,155
2019,554,COM,157
1990,369,COD,128
1991,366,COD,131
1992,361,COD,132
1993,355,COD,134
1994,349,COD,135
1995,347,COD,139
1996,351,COD,138
1997,349,COD,140
1998,349,COD,140
1999,347,COD,144
2000,349,COD,164
2001,350,COD,164
2002,358,COD,165
2003,366,COD,166
2004,374,COD,168
2005,381,COD,176
2006,389,COD,177
2007,400,COD,176
2008,412,COD,176
2009,419,COD,177
2010,435,COD,177
2011,438,COD,177
2012,442,COD,177
2013,448,COD,177
2014,460,COD,176
2015,464,COD,176
2016,471,COD,176
2017,475,COD,175
2018,478,COD,175
2019,480,COD,176
1990,500,COG,102
1991,499,COG,105
1992,499,COG,106
1993,493,COG,107
1994,489,COG,107
1995,471,COG,113
1996,470,COG,114
1997,474,COG,113
1998,480,COG,114
1999,467,COG,116
2000,461,COG,138
2001,468,COG,135
2002,471,COG,136
2003,471,COG,139
2004,473,COG,144
2005,469,COG,153
2006,470,COG,157
2007,486,COG,154
2008,501,COG,152
2009,514,COG,148
2010,520,COG,150
2011,522,COG,153
2012,535,COG,151
2013,545,COG,150
2014,560,COG,148
2015,580,COG,145
2016,578,COG,146
2017,574,COG,149
2018,573,COG,150
2019,574,COG,150
1990,665,CRI,60
1991,672,CRI,57
1992,680,CRI,55
1993,687,CRI,53
1994,692,CRI,52
1995,697,CRI,53
1996,701,CRI,54
1997,707,CRI,52
1998,713,CRI,51
1999,717,CRI,51
2000,721,CRI,57
2001,725,CRI,57
2002,728,CRI,58
2003,731,CRI,60
2004,735,CRI,61
2005,738,CRI,64
2006,745,CRI,64
2007,753,CRI,65
2008,761,CRI,65
2009,762,CRI,67
2010,765,CRI,66
2011,778,CRI,62
2012,783,CRI,61
2013,788,CRI,61
2014,796,CRI,59
2015,797,CRI,62
2016,801,CRI,62
2017,804,CRI,63
2018,808,CRI,61
2019,810,CRI,62
1990,404,CIV,120
1991,404,CIV,121
1992,405,CIV,122
1993,406,CIV,124
1994,407,CIV,125
1995,409,CIV,129
1996,412,CIV,129
1997,415,CIV,129
1998,414,CIV,129
1999,419,CIV,130
2000,421,CIV,152
2001,424,CIV,153
2002,426,CIV,156
2003,429,CIV,156
2004,433,CIV,158
2005,438,CIV,161
2006,443,CIV,164
2007,449,CIV,165
2008,455,CIV,166
2009,462,CIV,165
2010,468,CIV,168
2011,472,CIV,169
2012,482,CIV,169
2013,490,CIV,168
2014,492,CIV,172
2015,503,CIV,166
2016,513,CIV,164
2017,525,CIV,164
2018,534,CIV,162
2019,538,CIV,163
1990,677,HRV,57
1991,672,HRV,58
1992,672,HRV,57
1993,674,HRV,57
1994,688,HRV,54
1995,703,HRV,50
1996,715,HRV,49
1997,727,HRV,48
1998,738,HRV,46
1999,747,HRV,46
2000,757,HRV,48
2001,768,HRV,47
2002,774,HRV,47
2003,780,HRV,47
2004,786,HRV,47
2005,792,HRV,46
2006,798,HRV,46
2007,808,HRV,44
2008,813,HRV,45
2009,812,HRV,45
2010,815,HRV,44
2011,823,HRV,44
2012,825,HRV,45
2013,830,HRV,45
2014,835,HRV,45
2015,840,HRV,45
2016,841,HRV,45
2017,845,HRV,45
2018,848,HRV,44
2019,851,HRV,44
1990,680,CUB,56
1991,674,CUB,56
1992,667,CUB,59
1993,660,CUB,66
1994,656,CUB,67
1995,659,CUB,68
1996,669,CUB,64
1997,673,CUB,64
1998,677,CUB,64
1999,684,CUB,62
2000,691,CUB,71
2001,696,CUB,71
2002,698,CUB,75
2003,708,CUB,71
2004,722,CUB,68
2005,734,CUB,69
2006,756,CUB,61
2007,772,CUB,57
2008,783,CUB,54
2009,785,CUB,55
2010,781,CUB,60
2011,780,CUB,60
2012,769,CUB,69
2013,766,CUB,74
2014,767,CUB,75
2015,772,CUB,72
2016,773,CUB,72
2017,777,CUB,71
2018,781,CUB,71
2019,783,CUB,70
1990,735,CYP,33
1991,738,CYP,31
1992,742,CYP,31
1993,779,CYP,25
1994,784,CYP,25
1995,788,CYP,26
1996,791,CYP,28
1997,794,CYP,28
1998,803,CYP,26
1999,802,CYP,28
2000,804,CYP,30
2001,810,CYP,32
2002,819,CYP,32
2003,828,CYP,31
2004,831,CYP,32
2005,836,CYP,31
2006,842,CYP,30
2007,849,CYP,30
2008,858,CYP,30
2009,862,CYP,30
2010,856,CYP,30
2011,860,CYP,30
2012,859,CYP,32
2013,860,CYP,32
2014,862,CYP,33
2015,865,CYP,32
2016,873,CYP,32
2017,878,CYP,33
2018,885,CYP,32
2019,887,CYP,33
1990,738,CZE,31
1991,733,CZE,37
1992,736,CZE,36
1993,743,CZE,36
1994,752,CZE,35
1995,761,CZE,35
1996,776,CZE,32
1997,782,CZE,32
1998,783,CZE,34
1999,793,CZE,31
2000,804,CZE,31
2001,814,CZE,30
2002,821,CZE,30
2003,830,CZE,29
2004,834,CZE,29
2005,843,CZE,29
2006,852,CZE,29
2007,858,CZE,28
2008,863,CZE,28
2009,866,CZE,28
2010,870,CZE,28
2011,874,CZE,28
2012,874,CZE,28
2013,882,CZE,26
2014,888,CZE,26
2015,891,CZE,27
2016,893,CZE,27
2017,896,CZE,27
2018,898,CZE,26
2019,900,CZE,27
1990,806,DNK,13
1991,811,DNK,13
1992,815,DNK,13
1993,822,DNK,13
1994,831,DNK,13
1995,837,DNK,13
1996,844,DNK,13
1997,850,DNK,12
1998,856,DNK,12
1999,868,DNK,9
2000,870,DNK,11
2001,883,DNK,8
2002,890,DNK,6
2003,901,DNK,5
2004,905,DNK,5
2005,910,DNK,3
2006,912,DNK,4
2007,911,DNK,6
2008,917,DNK,5
2009,914,DNK,5
2010,917,DNK,5
2011,930,DNK,5
2012,931,DNK,5
2013,933,DNK,4
2014,935,DNK,4
2015,933,DNK,9
2016,935,DNK,10
2017,936,DNK,10
2018,939,DNK,10
2019,940,DNK,10
1995,351,DJI,138
1996,349,DJI,139
1997,354,DJI,139
1998,355,DJI,139
1999,359,DJI,142
2000,360,DJI,162
2001,369,DJI,162
2002,375,DJI,163
2003,385,DJI,164
2004,393,DJI,167
2005,402,DJI,174
2006,413,DJI,174
2007,423,DJI,173
2008,432,DJI,172
2009,442,DJI,173
2010,454,DJI,174
2011,463,DJI,173
2012,474,DJI,172
2013,484,DJI,172
2014,492,DJI,170
2015,499,DJI,169
2016,505,DJI,168
2017,510,DJI,168
2018,518,DJI,167
2019,524,DJI,167
2000,703,DMA,65
2001,707,DMA,66
2002,707,DMA,69
2003,712,DMA,70
2004,714,DMA,73
2005,715,DMA,77
2006,721,DMA,79
2007,725,DMA,79
2008,730,DMA,82
2009,731,DMA,84
2010,740,DMA,82
2011,741,DMA,83
2012,739,DMA,87
2013,739,DMA,88
2014,741,DMA,88
2015,739,DMA,93
2016,740,DMA,94
2017,736,DMA,96
2018,738,DMA,95
2019,742,DMA,95
1990,599,DOM,82
1991,603,DOM,83
1992,612,DOM,81
1993,619,DOM,77
1994,624,DOM,76
1995,630,DOM,77
1996,636,DOM,76
1997,643,DOM,77
1998,648,DOM,76
1999,654,DOM,76
2000,659,DOM,89
2001,663,DOM,90
2002,668,DOM,92
2003,669,DOM,94
2004,672,DOM,97
2005,681,DOM,99
2006,688,DOM,100
2007,694,DOM,100
2008,698,DOM,100
2009,700,DOM,100
2010,706,DOM,100
2011,710,DOM,100
2012,714,DOM,103
2013,718,DOM,103
2014,730,DOM,99
2015,738,DOM,95
2016,743,DOM,92
2017,746,DOM,91
2018,751,DOM,90
2019,756,DOM,90
1990,648,ECU,66
1991,650,ECU,66
1992,654,ECU,68
1993,658,ECU,68
1994,663,ECU,65
1995,666,ECU,64
1996,668,ECU,65
1997,672,ECU,65
1998,675,ECU,65
1999,673,ECU,71
2000,675,ECU,83
2001,680,ECU,83
2002,684,ECU,85
2003,687,ECU,85
2004,693,ECU,86
2005,698,ECU,88
2006,701,ECU,92
2007,710,ECU,92
2008,717,ECU,91
2009,719,ECU,93
2010,726,ECU,90
2011,732,ECU,89
2012,751,ECU,81
2013,754,ECU,83
2014,756,ECU,83
2015,764,ECU,79
2016,758,ECU,85
2017,760,ECU,85
2018,762,ECU,85
2019,759,ECU,87
1990,548,EGY,96
1991,552,EGY,95
1992,559,EGY,95
1993,564,EGY,94
1994,571,EGY,93
1995,578,EGY,95
1996,585,EGY,94
1997,592,EGY,94
1998,594,EGY,95
1999,607,EGY,95
2000,613,EGY,107
2001,618,EGY,106
2002,622,EGY,106
2003,625,EGY,106
2004,631,EGY,109
2005,637,EGY,114
2006,645,EGY,115
2007,653,EGY,113
2008,660,EGY,112
2009,662,EGY,113
2010,668,EGY,113
2011,671,EGY,117
2012,677,EGY,115
2013,683,EGY,117
2014,685,EGY,118
2015,691,EGY,117
2016,696,EGY,116
2017,698,EGY,118
2018,701,EGY,118
2019,707,EGY,117
1990,536,SLV,99
1991,540,SLV,98
1992,552,SLV,97
1993,562,SLV,96
1994,571,SLV,94
1995,580,SLV,94
1996,588,SLV,93
1997,597,SLV,93
1998,606,SLV,92
1999,608,SLV,94
2000,615,SLV,106
2001,620,SLV,104
2002,627,SLV,104
2003,633,SLV,104
2004,639,SLV,106
2005,646,SLV,108
2006,653,SLV,111
2007,652,SLV,114
2008,655,SLV,115
2009,656,SLV,118
2010,668,SLV,114
2011,664,SLV,120
2012,669,SLV,120
2013,670,SLV,121
2014,668,SLV,122
2015,668,SLV,122
2016,671,SLV,122
2017,671,SLV,124
2018,670,SLV,125
2019,673,SLV,125
2000,525,GNQ,126
2001,534,GNQ,126
2002,546,GNQ,126
2003,547,GNQ,126
2004,554,GNQ,128
2005,565,GNQ,132
2006,576,GNQ,133
2007,582,GNQ,134
2008,583,GNQ,134
2009,585,GNQ,134
2010,576,GNQ,137
2011,580,GNQ,138
2012,584,GNQ,138
2013,585,GNQ,139
2014,586,GNQ,140
2015,589,GNQ,141
2016,588,GNQ,142
2017,584,GNQ,145
2018,582,GNQ,147
2019,592,GNQ,146
2005,427,ERI,169
2006,428,ERI,172
2007,430,ERI,172
2008,426,ERI,173
2009,436,ERI,174
2010,436,ERI,175
2011,436,ERI,178
2012,441,ERI,178
2013,446,ERI,179
2014,457,ERI,178
2015,454,ERI,180
2016,456,ERI,180
2017,454,ERI,181
2018,456,ERI,181
2019,459,ERI,181
1990,735,EST,34
1991,730,EST,40
1992,722,EST,41
1993,715,EST,43
1994,720,EST,43
1995,729,EST,43
1996,740,EST,43
1997,754,EST,42
1998,766,EST,39
1999,773,EST,40
2000,787,EST,39
2001,797,EST,37
2002,805,EST,34
2003,813,EST,34
2004,821,EST,33
2005,832,EST,33
2006,839,EST,31
2007,846,EST,31
2008,848,EST,31
2009,846,EST,31
2010,852,EST,32
2011,860,EST,31
2012,865,EST,29
2013,869,EST,29
2014,871,EST,31
2015,877,EST,30
2016,881,EST,30
2017,885,EST,30
2018,889,EST,30
2019,892,EST,29
1990,541,SWZ,98
1991,542,SWZ,97
1992,539,SWZ,98
1993,534,SWZ,100
1994,527,SWZ,103
1995,523,SWZ,108
1996,515,SWZ,109
1997,503,SWZ,109
1998,490,SWZ,110
1999,479,SWZ,114
2000,465,SWZ,135
2001,454,SWZ,143
2002,442,SWZ,148
2003,437,SWZ,153
2004,445,SWZ,154
2005,456,SWZ,158
2006,469,SWZ,158
2007,478,SWZ,158
2008,487,SWZ,157
2009,498,SWZ,157
2010,510,SWZ,155
2011,524,SWZ,152
2012,539,SWZ,149
2013,554,SWZ,149
2014,568,SWZ,144
2015,581,SWZ,144
2016,588,SWZ,143
2017,597,SWZ,142
2018,605,SWZ,140
2019,611,SWZ,140
2000,292,ETH,174
2001,306,ETH,171
2002,315,ETH,172
2003,319,ETH,174
2004,334,ETH,174
2005,355,ETH,180
2006,371,ETH,180
2007,386,ETH,179
2008,403,ETH,179
2009,411,ETH,178
2010,421,ETH,179
2011,432,ETH,179
2012,438,ETH,180
2013,447,ETH,178
2014,455,ETH,179
2015,462,ETH,178
2016,467,ETH,178
2017,474,ETH,176
2018,478,ETH,176
2019,485,ETH,174
1990,662,FJI,61
1991,669,FJI,60
1992,672,FJI,56
1993,675,FJI,55
1994,680,FJI,56
1995,686,FJI,56
1996,688,FJI,57
1997,687,FJI,60
1998,687,FJI,61
1999,692,FJI,60
2000,695,FJI,66
2001,698,FJI,69
2002,700,FJI,71
2003,702,FJI,74
2004,709,FJI,74
2005,705,FJI,84
2006,708,FJI,88
2007,711,FJI,91
2008,712,FJI,95
2009,715,FJI,95
2010,715,FJI,97
2011,719,FJI,96
2012,722,FJI,97
2013,728,FJI,97
2014,733,FJI,94
2015,737,FJI,96
2016,738,FJI,95
2017,740,FJI,95
2018,742,FJI,94
2019,743,FJI,94
1990,790,FIN,17
1991,793,FIN,19
1992,801,FIN,19
1993,805,FIN,19
1994,815,FIN,19
1995,823,FIN,18
1996,830,FIN,17
1997,838,FIN,17
1998,846,FIN,17
1999,854,FIN,17
2000,864,FIN,15
2001,871,FIN,15
2002,874,FIN,15
2003,877,FIN,16
2004,904,FIN,6
2005,908,FIN,4
2006,912,FIN,5
2007,915,FIN,4
2008,917,FIN,6
2009,912,FIN,6
2010,916,FIN,7
2011,920,FIN,7
2012,921,FIN,7
2013,928,FIN,8
2014,928,FIN,10
2015,930,FIN,11
2016,932,FIN,12
2017,935,FIN,11
2018,937,FIN,11
2019,938,FIN,11
1990,786,FRA,18
1991,796,FRA,17
1992,804,FRA,18
1993,810,FRA,18
1994,825,FRA,16
1995,832,FRA,14
1996,837,FRA,14
1997,841,FRA,16
1998,845,FRA,18
1999,851,FRA,19
2000,849,FRA,20
2001,851,FRA,21
2002,852,FRA,20
2003,855,FRA,21
2004,858,FRA,24
2005,867,FRA,23
2006,871,FRA,23
2007,874,FRA,25
2008,875,FRA,26
2009,876,FRA,25
2010,879,FRA,25
2011,882,FRA,26
2012,885,FRA,24
2013,889,FRA,25
2014,893,FRA,25
2015,895,FRA,24
2016,894,FRA,26
2017,897,FRA,26
2018,898,FRA,27
2019,901,FRA,26
1990,613,GAB,78
1991,618,GAB,78
1992,617,GAB,79
1993,619,GAB,78
1994,622,GAB,78
1995,624,GAB,82
1996,626,GAB,82
1997,628,GAB,83
1998,630,GAB,85
1999,625,GAB,89
2000,621,GAB,103
2001,624,GAB,103
2002,626,GAB,105
2003,627,GAB,105
2004,626,GAB,113
2005,632,GAB,116
2006,632,GAB,118
2007,637,GAB,119
2008,639,GAB,121
2009,646,GAB,121
2010,652,GAB,122
2011,657,GAB,123
2012,666,GAB,121
2013,673,GAB,120
2014,682,GAB,120
2015,685,GAB,120
2016,690,GAB,119
2017,694,GAB,120
2018,697,GAB,120
2019,703,GAB,120
1990,349,GMB,132
1991,354,GMB,132
1992,358,GMB,133
1993,362,GMB,132
1994,366,GMB,131
1995,370,GMB,135
1996,377,GMB,134
1997,382,GMB,135
1998,388,GMB,135
1999,396,GMB,135
2000,403,GMB,156
2001,411,GMB,156
2002,415,GMB,158
2003,422,GMB,157
2004,431,GMB,159
2005,435,GMB,166
2006,440,GMB,166
2007,446,GMB,168
2008,453,GMB,167
2009,456,GMB,169
2010,459,GMB,172
2011,455,GMB,174
2012,461,GMB,174
2013,467,GMB,174
2014,468,GMB,174
2015,471,GMB,174
2016,475,GMB,173
2017,480,GMB,174
2018,487,GMB,173
2019,496,GMB,173
2000,690,GEO,72
2001,694,GEO,72
2002,699,GEO,73
2003,708,GEO,72
2004,715,GEO,72
2005,725,GEO,74
2006,731,GEO,74
2007,743,GEO,75
2008,742,GEO,77
2009,746,GEO,75
2010,751,GEO,74
2011,757,GEO,74
2012,767,GEO,71
2013,775,GEO,69
2014,783,GEO,68
2015,790,GEO,65
2016,792,GEO,66
2017,799,GEO,64
2018,805,GEO,63
2019,812,GEO,61
1990,808,DEU,11
1991,816,DEU,12
1992,821,DEU,12
1993,831,DEU,10
1994,837,DEU,10
1995,842,DEU,11
1996,846,DEU,12
1997,851,DEU,11
1998,860,DEU,11
1999,868,DEU,10
2000,876,DEU,8
2001,884,DEU,7
2002,890,DEU,7
2003,896,DEU,6
2004,907,DEU,4
2005,908,DEU,5
2006,918,DEU,3
2007,921,DEU,3
2008,924,DEU,4
2009,924,DEU,4
2010,927,DEU,4
2011,933,DEU,3
2012,934,DEU,4
2013,935,DEU,3
2014,937,DEU,3
2015,938,DEU,4
2016,941,DEU,4
2017,943,DEU,4
2018,946,DEU,4
2019,947,DEU,6
1990,465,GHA,111
1991,470,GHA,111
1992,474,GHA,110
1993,478,GHA,109
1994,480,GHA,110
1995,483,GHA,111
1996,484,GHA,111
1997,486,GHA,111
1998,487,GHA,111
1999,489,GHA,112
2000,494,GHA,129
2001,493,GHA,129
2002,499,GHA,131
2003,500,GHA,131
2004,509,GHA,133
2005,520,GHA,138
2006,529,GHA,138
2007,541,GHA,139
2008,553,GHA,137
2009,558,GHA,138
2010,565,GHA,139
2011,574,GHA,139
2012,577,GHA,139
2013,586,GHA,138
2014,590,GHA,138
2015,590,GHA,140
2016,598,GHA,138
2017,602,GHA,139
2018,606,GHA,139
2019,611,GHA,139
1990,761,GRC,25
1991,770,GRC,25
1992,771,GRC,26
1993,770,GRC,27
1994,774,GRC,27
1995,776,GRC,30
1996,780,GRC,31
1997,785,GRC,30
1998,795,GRC,29
1999,797,GRC,30
2000,804,GRC,32
2001,814,GRC,31
2002,826,GRC,28
2003,833,GRC,28
2004,843,GRC,28
2005,853,GRC,27
2006,859,GRC,27
2007,857,GRC,29
2008,865,GRC,27
2009,867,GRC,27
2010,865,GRC,29
2011,862,GRC,29
2012,865,GRC,30
2013,867,GRC,30
2014,875,GRC,29
2015,877,GRC,31
2016,874,GRC,31
2017,879,GRC,32
2018,881,GRC,33
2019,888,GRC,32
2002,721,GRD,62
2003,729,GRD,62
2004,731,GRD,64
2005,744,GRD,62
2006,745,GRD,65
2007,750,GRD,69
2008,753,GRD,71
2009,750,GRD,71
2010,754,GRD,73
2011,756,GRD,75
2012,757,GRD,78
2013,760,GRD,79
2014,766,GRD,76
2015,770,GRD,73
2016,771,GRD,74
2017,770,GRD,76
2018,773,GRD,76
2019,779,GRD,74
1990,481,GTM,109
1991,487,GTM,108
1992,493,GTM,107
1993,499,GTM,106
1994,504,GTM,106
1995,511,GTM,109
1996,518,GTM,108
1997,526,GTM,108
1998,534,GTM,108
1999,542,GTM,108
2000,549,GTM,122
2001,557,GTM,122
2002,563,GTM,123
2003,567,GTM,123
2004,571,GTM,126
2005,574,GTM,130
2006,583,GTM,131
2007,592,GTM,129
2008,597,GTM,130
2009,601,GTM,130
2010,606,GTM,131
2011,612,GTM,131
2012,618,GTM,130
2013,621,GTM,130
2014,648,GTM,127
2015,652,GTM,125
2016,653,GTM,127
2017,655,GTM,129
2018,657,GTM,129
2019,663,GTM,128
1990,282,GIN,141
1991,287,GIN,140
1992,291,GIN,140
1993,296,GIN,140
1994,301,GIN,139
1995,306,GIN,143
1996,310,GIN,143
1997,318,GIN,143
1998,326,GIN,142
1999,333,GIN,145
2000,340,GIN,166
2001,347,GIN,166
2002,356,GIN,167
2003,347,GIN,168
2004,372,GIN,169
2005,383,GIN,175
2006,392,GIN,176
2007,400,GIN,177
2008,408,GIN,177
2009,408,GIN,179
2010,416,GIN,180
2011,429,GIN,180
2012,439,GIN,179
2013,445,GIN,180
2014,452,GIN,180
2015,457,GIN,179
2016,465,GIN,179
2017,471,GIN,178
2018,473,GIN,178
2019,477,GIN,179
2005,403,GNB,173
2006,411,GNB,175
2007,417,GNB,175
2008,424,GNB,174
2009,430,GNB,175
2010,436,GNB,176
2011,445,GNB,175
2012,448,GNB,175
2013,452,GNB,176
2014,459,GNB,177
2015,464,GNB,177
2016,468,GNB,177
2017,470,GNB,179
2018,472,GNB,179
2019,480,GNB,178
1990,548,GUY,97
1991,544,GUY,96
1992,559,GUY,96
1993,572,GUY,93
1994,582,GUY,90
1995,588,GUY,92
1996,598,GUY,90
1997,603,GUY,90
1998,607,GUY,91
1999,611,GUY,92
2000,616,GUY,105
2001,619,GUY,105
2002,622,GUY,107
2003,618,GUY,113
2004,625,GUY,115
2005,629,GUY,118
2006,630,GUY,120
2007,634,GUY,120
2008,638,GUY,123
2009,641,GUY,122
2010,649,GUY,123
2011,658,GUY,122
2012,662,GUY,123
2013,666,GUY,122
2014,671,GUY,121
2015,674,GUY,121
2016,676,GUY,121
2017,677,GUY,122
2018,680,GUY,122
2019,682,GUY,123
1990,414,HTI,117
1991,418,HTI,116
1992,418,HTI,116
1993,418,HTI,120
1994,415,HTI,121
1995,423,HTI,124
1996,428,HTI,124
1997,432,HTI,125
1998,435,HTI,124
1999,439,HTI,124
2000,442,HTI,145
2001,444,HTI,146
2002,446,HTI,146
2003,449,HTI,148
2004,450,HTI,152
2005,453,HTI,159
2006,458,HTI,160
2007,463,HTI,161
2008,466,HTI,161
2009,470,HTI,163
2010,471,HTI,166
2011,478,HTI,166
2012,482,HTI,168
2013,487,HTI,171
2014,492,HTI,171
2015,496,HTI,171
2016,500,HTI,171
2017,505,HTI,172
2018,508,HTI,171
2019,510,HTI,171
1990,519,HND,101
1991,518,HND,100
1992,523,HND,101
1993,530,HND,101
1994,534,HND,101
1995,540,HND,104
1996,545,HND,105
1997,551,HND,104
1998,556,HND,106
1999,560,HND,105
2000,566,HND,119
2001,570,HND,119
2002,575,HND,120
2003,580,HND,121
2004,586,HND,123
2005,593,HND,126
2006,599,HND,127
2007,607,HND,127
2008,603,HND,128
2009,605,HND,129
2010,610,HND,130
2011,613,HND,130
2012,612,HND,132
2013,613,HND,131
2014,616,HND,133
2015,618,HND,133
2016,626,HND,132
2017,630,HND,133
2018,633,HND,133
2019,634,HND,133
1990,784,HKG,19
1991,789,HKG,20
1992,794,HKG,20
1993,802,HKG,20
1994,807,HKG,20
1995,811,HKG,20
1996,814,HKG,21
1997,819,HKG,22
1998,820,HKG,23
1999,824,HKG,24
2000,830,HKG,25
2001,838,HKG,24
2002,845,HKG,24
2003,854,HKG,23
2004,865,HKG,20
2005,874,HKG,20
2006,886,HKG,17
2007,890,HKG,18
2008,899,HKG,16
2009,901,HKG,14
2010,904,HKG,16
2011,907,HKG,15
2012,914,HKG,11
2013,918,HKG,12
2014,926,HKG,11
2015,930,HKG,12
2016,936,HKG,8
2017,941,HKG,8
2018,946,HKG,6
2019,949,HKG,5
1990,708,HUN,48
1991,706,HUN,47
1992,711,HUN,46
1993,724,HUN,41
1994,737,HUN,41
1995,746,HUN,40
1996,750,HUN,41
1997,751,HUN,43
1998,758,HUN,42
1999,765,HUN,41
2000,772,HUN,44
2001,781,HUN,43
2002,788,HUN,42
2003,797,HUN,41
2004,799,HUN,41
2005,805,HUN,41
2006,815,HUN,39
2007,818,HUN,40
2008,822,HUN,40
2009,828,HUN,36
2010,831,HUN,36
2011,828,HUN,42
2012,831,HUN,44
2013,839,HUN,41
2014,838,HUN,42
2015,842,HUN,43
2016,844,HUN,44
2017,846,HUN,44
2018,850,HUN,42
2019,854,HUN,40
1990,807,ISL,12
1991,820,ISL,10
1992,823,ISL,11
1993,824,ISL,12
1994,829,ISL,14
1995,831,ISL,16
1996,836,ISL,15
1997,846,ISL,14
1998,855,ISL,13
1999,860,ISL,13
2000,867,ISL,14
2001,872,ISL,13
2002,881,ISL,12
2003,887,ISL,12
2004,891,ISL,14
2005,896,ISL,13
2006,899,ISL,12
2007,905,ISL,12
2008,899,ISL,14
2009,898,ISL,17
2010,898,ISL,19
2011,907,ISL,14
2012,915,ISL,10
2013,927,ISL,9
2014,931,ISL,8
2015,934,ISL,7
2016,941,ISL,5
2017,943,ISL,5
2018,946,ISL,5
2019,949,ISL,4
1990,429,IND,115
1991,433,IND,115
1992,440,IND,115
1993,446,IND,114
1994,453,IND,114
1995,461,IND,116
1996,468,IND,115
1997,474,IND,114
1998,481,IND,113
1999,489,IND,113
2000,495,IND,128
2001,499,IND,128
2002,506,IND,129
2003,518,IND,129
2004,527,IND,130
2005,536,IND,135
2006,546,IND,136
2007,555,IND,136
2008,563,IND,136
2009,569,IND,136
2010,579,IND,136
2011,588,IND,136
2012,597,IND,136
2013,604,IND,135
2014,616,IND,134
2015,624,IND,132
2016,630,IND,131
2017,640,IND,132
2018,642,IND,132
2019,645,IND,132
1990,523,IDN,100
1991,529,IDN,99
1992,534,IDN,99
1993,541,IDN,99
1994,550,IDN,97
1995,560,IDN,98
1996,573,IDN,98
1997,587,IDN,95
1998,586,IDN,97
1999,594,IDN,96
2000,603,IDN,108
2001,609,IDN,108
2002,615,IDN,109
2003,622,IDN,107
2004,628,IDN,111
2005,632,IDN,117
2006,642,IDN,116
2007,643,IDN,117
2008,647,IDN,118
2009,658,IDN,117
2010,665,IDN,117
2011,673,IDN,115
2012,681,IDN,113
2013,687,IDN,113
2014,690,IDN,115
2015,695,IDN,115
2016,703,IDN,113
2017,707,IDN,113
2018,712,IDN,111
2019,718,IDN,110
1990,565,IRN,92
1991,583,IRN,87
1992,596,IRN,84
1993,607,IRN,83
1994,616,IRN,82
1995,627,IRN,79
1996,634,IRN,78
1997,640,IRN,78
1998,647,IRN,77
1999,652,IRN,77
2000,658,IRN,90
2001,665,IRN,89
2002,670,IRN,90
2003,677,IRN,89
2004,678,IRN,94
2005,683,IRN,97
2006,719,IRN,80
2007,723,IRN,81
2008,728,IRN,84
2009,734,IRN,81
2010,742,IRN,81
2011,753,IRN,78
2012,768,IRN,70
2013,771,IRN,71
2014,774,IRN,71
2015,774,IRN,71
2016,784,IRN,70
2017,787,IRN,70
2018,785,IRN,70
2019,783,IRN,71
1990,560,IRQ,93
1991,512,IRQ,101
1992,527,IRQ,100
1993,548,IRQ,97
1994,548,IRQ,99
1995,539,IRQ,105
1996,560,IRQ,100
1997,569,IRQ,99
1998,583,IRQ,98
1999,591,IRQ,98
2000,595,IRQ,111
2001,601,IRQ,111
2002,603,IRQ,115
2003,589,IRQ,117
2004,615,IRQ,118
2005,617,IRQ,121
2006,620,IRQ,122
2007,623,IRQ,123
2008,630,IRQ,124
2009,632,IRQ,124
2010,636,IRQ,125
2011,642,IRQ,125
2012,646,IRQ,124
2013,646,IRQ,125
2014,645,IRQ,128
2015,649,IRQ,128
2016,656,IRQ,126
2017,667,IRQ,125
2018,671,IRQ,124
2019,674,IRQ,124
1990,773,IRL,23
1991,777,IRL,22
1992,782,IRL,22
1993,791,IRL,22
1994,798,IRL,22
1995,805,IRL,23
1996,811,IRL,23
1997,819,IRL,21
1998,851,IRL,15
1999,859,IRL,14
2000,867,IRL,13
2001,873,IRL,12
2002,881,IRL,11
2003,889,IRL,10
2004,898,IRL,8
2005,904,IRL,7
2006,906,IRL,8
2007,909,IRL,9
2008,911,IRL,8
2009,906,IRL,10
2010,901,IRL,18
2011,902,IRL,19
2012,908,IRL,15
2013,917,IRL,14
2014,928,IRL,9
2015,935,IRL,6
2016,943,IRL,3
2017,947,IRL,3
2018,951,IRL,3
2019,955,IRL,2
1990,801,ISR,15
1991,808,ISR,15
1992,815,ISR,14
1993,821,ISR,14
1994,827,ISR,15
1995,832,ISR,15
1996,836,ISR,16
1997,844,ISR,15
1998,852,ISR,14
1999,859,ISR,15
2000,861,ISR,17
2001,865,ISR,17
2002,873,ISR,16
2003,874,ISR,17
2004,876,ISR,17
2005,880,ISR,17
2006,880,ISR,20
2007,889,ISR,19
2008,889,ISR,20
2009,890,ISR,20
2010,895,ISR,21
2011,901,ISR,20
2012,903,ISR,20
2013,905,ISR,20
2014,909,ISR,20
2015,910,ISR,20
2016,913,ISR,20
2017,913,ISR,21
2018,916,ISR,21
2019,919,ISR,19
1990,776,ITA,21
1991,782,ITA,21
1992,788,ITA,21
1993,793,ITA,21
1994,802,ITA,21
1995,808,ITA,21
1996,814,ITA,20
1997,821,ITA,20
1998,827,ITA,21
1999,832,ITA,21
2000,838,ITA,22
2001,845,ITA,22
2002,850,ITA,21
2003,855,ITA,22
2004,860,ITA,22
2005,865,ITA,24
2006,870,ITA,25
2007,874,ITA,26
2008,876,ITA,25
2009,876,ITA,26
2010,879,ITA,26
2011,883,ITA,25
2012,882,ITA,26
2013,881,ITA,28
2014,882,ITA,28
2015,882,ITA,28
2016,884,ITA,29
2017,886,ITA,29
2018,890,ITA,29
2019,892,ITA,30
1990,645,JAM,67
1991,648,JAM,68
1992,655,JAM,67
1993,670,JAM,60
1994,671,JAM,63
1995,674,JAM,63
1996,677,JAM,62
1997,679,JAM,62
1998,678,JAM,62
1999,680,JAM,64
2000,678,JAM,79
2001,689,JAM,76
2002,692,JAM,77
2003,687,JAM,86
2004,704,JAM,76
2005,706,JAM,83
2006,711,JAM,86
2007,719,JAM,85
2008,737,JAM,80
2009,733,JAM,83
2010,732,JAM,85
2011,731,JAM,91
2012,731,JAM,91
2013,729,JAM,95
2014,729,JAM,100
2015,731,JAM,100
2016,731,JAM,99
2017,734,JAM,97
2018,734,JAM,99
2019,734,JAM,102
1990,818,JPN,9
1991,823,JPN,8
1992,826,JPN,9
1993,831,JPN,11
1994,837,JPN,11
1995,842,JPN,12
1996,847,JPN,11
1997,850,JPN,13
1998,849,JPN,16
1999,852,JPN,18
2000,858,JPN,19
2001,861,JPN,19
2002,864,JPN,19
2003,867,JPN,19
2004,871,JPN,19
2005,875,JPN,19
2006,879,JPN,21
2007,882,JPN,21
2008,883,JPN,23
2009,882,JPN,23
2010,887,JPN,24
2011,892,JPN,23
2012,897,JPN,23
2013,902,JPN,21
2014,906,JPN,21
2015,908,JPN,21
2016,912,JPN,21
2017,915,JPN,20
2018,917,JPN,20
2019,919,JPN,20
1990,625,JOR,74
1991,636,JOR,69
1992,657,JOR,66
1993,668,JOR,61
1994,679,JOR,57
1995,693,JOR,55
1996,695,JOR,55
1997,699,JOR,56
1998,702,JOR,57
1999,706,JOR,58
2000,711,JOR,63
2001,717,JOR,62
2002,715,JOR,65
2003,720,JOR,67
2004,726,JOR,67
2005,738,JOR,65
2006,741,JOR,69
2007,744,JOR,74
2008,745,JOR,76
2009,743,JOR,77
2010,737,JOR,84
2011,734,JOR,86
2012,735,JOR,90
2013,729,JOR,96
2014,729,JOR,101
2015,730,JOR,101
2016,729,JOR,101
2017,726,JOR,103
2018,728,JOR,104
2019,729,JOR,103
1990,690,KAZ,54
1991,684,KAZ,53
1992,682,KAZ,54
1993,675,KAZ,56
1994,667,KAZ,64
1995,664,KAZ,66
1996,666,KAZ,67
1997,669,KAZ,68
1998,672,KAZ,68
1999,676,KAZ,69
2000,685,KAZ,75
2001,700,KAZ,68
2002,714,KAZ,66
2003,726,KAZ,63
2004,737,KAZ,60
2005,747,KAZ,61
2006,754,KAZ,62
2007,758,KAZ,63
2008,758,KAZ,67
2009,762,KAZ,68
2010,764,KAZ,67
2011,772,KAZ,65
2012,782,KAZ,62
2013,791,KAZ,59
2014,798,KAZ,58
2015,806,KAZ,57
2016,808,KAZ,58
2017,815,KAZ,54
2018,819,KAZ,53
2019,825,KAZ,51
1990,482,KEN,108
1991,480,KEN,110
1992,476,KEN,109
1993,472,KEN,111
1994,469,KEN,111
1995,468,KEN,115
1996,467,KEN,116
1997,464,KEN,116
1998,463,KEN,116
1999,462,KEN,119
2000,461,KEN,139
2001,465,KEN,137
2002,465,KEN,138
2003,478,KEN,136
2004,490,KEN,137
2005,500,KEN,142
2006,515,KEN,142
2007,523,KEN,143
2008,532,KEN,141
2009,541,KEN,142
2010,551,KEN,143
2011,559,KEN,143
2012,566,KEN,143
2013,573,KEN,143
2014,580,KEN,141
2015,587,KEN,142
2016,591,KEN,141
2017,595,KEN,143
2018,599,KEN,142
2019,601,KEN,144
2000,553,KIR,121
2001,569,KIR,120
2002,569,KIR,122
2003,574,KIR,122
2004,572,KIR,124
2005,589,KIR,127
2006,586,KIR,128
2007,587,KIR,131
2008,590,KIR,132
2009,588,KIR,133
2010,593,KIR,133
2011,591,KIR,134
2012,600,KIR,134
2013,608,KIR,133
2014,617,KIR,132
2015,625,KIR,131
2016,622,KIR,133
2017,627,KIR,134
2018,628,KIR,134
2019,630,KIR,135
1990,705,KWT,51
1991,665,KWT,61
1992,659,KWT,65
1993,688,KWT,52
1994,718,KWT,44
1995,748,KWT,38
1996,772,KWT,35
1997,775,KWT,35
1998,780,KWT,35
1999,781,KWT,36
2000,781,KWT,42
2001,778,KWT,44
2002,780,KWT,45
2003,788,KWT,44
2004,789,KWT,45
2005,783,KWT,50
2006,788,KWT,50
2007,788,KWT,50
2008,790,KWT,53
2009,789,KWT,53
2010,788,KWT,55
2011,792,KWT,54
2012,796,KWT,54
2013,793,KWT,58
2014,796,KWT,60
2015,801,KWT,59
2016,804,KWT,61
2017,805,KWT,61
2018,807,KWT,62
2019,806,KWT,64
1990,640,KGZ,70
1991,634,KGZ,71
1992,625,KGZ,74
1993,612,KGZ,82
1994,595,KGZ,87
1995,589,KGZ,91
1996,594,KGZ,92
1997,601,KGZ,91
1998,606,KGZ,93
1999,613,KGZ,91
2000,620,KGZ,104
2001,628,KGZ,101
2002,630,KGZ,102
2003,637,KGZ,103
2004,640,KGZ,105
2005,642,KGZ,111
2006,647,KGZ,114
2007,654,KGZ,112
2008,656,KGZ,114
2009,661,KGZ,114
2010,662,KGZ,120
2011,664,KGZ,121
2012,674,KGZ,119
2013,680,KGZ,119
2014,686,KGZ,117
2015,690,KGZ,118
2016,691,KGZ,118
2017,694,KGZ,121
2018,696,KGZ,121
2019,697,KGZ,121
1990,405,LAO,119
1991,410,LAO,118
1992,415,LAO,118
1993,421,LAO,117
1994,430,LAO,117
1995,432,LAO,121
1996,445,LAO,119
1997,453,LAO,117
1998,460,LAO,118
1999,467,LAO,117
2000,471,LAO,133
2001,477,LAO,133
2002,486,LAO,134
2003,494,LAO,133
2004,503,LAO,135
2005,512,LAO,140
2006,514,LAO,143
2007,527,LAO,141
2008,535,LAO,140
2009,545,LAO,140
2010,552,LAO,142
2011,565,LAO,142
2012,575,LAO,141
2013,582,LAO,140
2014,589,LAO,139
2015,598,LAO,137
2016,605,LAO,137
2017,608,LAO,138
2018,609,LAO,138
2019,613,LAO,138
1990,711,LVA,46
1991,706,LVA,48
1992,685,LVA,53
1993,674,LVA,58
1994,675,LVA,59
1995,680,LVA,60
1996,687,LVA,58
1997,698,LVA,57
1998,711,LVA,53
1999,723,LVA,50
2000,735,LVA,53
2001,753,LVA,50
2002,767,LVA,50
2003,781,LVA,46
2004,795,LVA,44
2005,809,LVA,39
2006,816,LVA,38
2007,825,LVA,37
2008,828,LVA,37
2009,826,LVA,39
2010,824,LVA,42
2011,829,LVA,41
2012,832,LVA,42
2013,839,LVA,42
2014,845,LVA,40
2015,849,LVA,40
2016,854,LVA,39
2017,859,LVA,37
2018,863,LVA,37
2019,866,LVA,37
2005,740,LBN,63
2006,739,LBN,71
2007,751,LBN,67
2008,757,LBN,68
2009,764,LBN,66
2010,766,LBN,64
2011,768,LBN,67
2012,759,LBN,76
2013,757,LBN,80
2014,748,LBN,86
2015,744,LBN,89
2016,741,LBN,93
2017,748,LBN,90
2018,747,LBN,91
2019,744,LBN,93
1990,498,LSO,105
1991,495,LSO,106
1992,493,LSO,108
1993,487,LSO,108
1994,486,LSO,108
1995,483,LSO,112
1996,477,LSO,112
1997,472,LSO,115
1998,470,LSO,115
1999,461,LSO,120
2000,459,LSO,140
2001,451,LSO,145
2002,446,LSO,147
2003,444,LSO,150
2004,440,LSO,155
2005,436,LSO,165
2006,436,LSO,169
2007,441,LSO,170
2008,446,LSO,171
2009,455,LSO,171
2010,460,LSO,171
2011,469,LSO,172
2012,480,LSO,171
2013,489,LSO,169
2014,498,LSO,168
2015,503,LSO,167
2016,512,LSO,165
2017,517,LSO,166
2018,522,LSO,166
2019,527,LSO,166
1999,399,LBR,134
2000,435,LBR,147
2001,435,LBR,148
2002,437,LBR,151
2003,417,LBR,160
2004,427,LBR,161
2005,432,LBR,168
2006,438,LBR,167
2007,445,LBR,169
2008,450,LBR,168
2009,452,LBR,172
2010,455,LBR,173
2011,472,LBR,170
2012,469,LBR,173
2013,477,LBR,173
2014,478,LBR,173
2015,477,LBR,173
2016,478,LBR,172
2017,481,LBR,173
2018,480,LBR,174
2019,480,LBR,177
1990,724,LBY,39
1991,734,LBY,35
1992,740,LBY,33
1993,744,LBY,35
1994,750,LBY,36
1995,754,LBY,36
1996,760,LBY,37
1997,767,LBY,36
1998,770,LBY,37
1999,775,LBY,38
2000,780,LBY,43
2001,785,LBY,42
2002,790,LBY,41
2003,797,LBY,43
2004,798,LBY,42
2005,800,LBY,43
2006,800,LBY,45
2007,800,LBY,47
2008,800,LBY,50
2009,799,LBY,49
2010,798,LBY,51
2011,764,LBY,70
2012,789,LBY,59
2013,761,LBY,77
2014,728,LBY,102
2015,697,LBY,114
2016,687,LBY,120
2017,714,LBY,108
2018,721,LBY,107
2019,724,LBY,106
2000,862,LIE,16
2001,868,LIE,16
2002,873,LIE,17
2003,878,LIE,15
2004,883,LIE,16
2005,886,LIE,16
2006,890,LIE,16
2007,893,LIE,16
2008,899,LIE,15
2009,899,LIE,15
2010,904,LIE,15
2011,909,LIE,12
2012,908,LIE,17
2013,912,LIE,18
2014,911,LIE,19
2015,911,LIE,19
2016,915,LIE,19
2017,916,LIE,19
2018,919,LIE,19
2019,919,LIE,21
1990,738,LTU,32
1991,734,LTU,34
1992,719,LTU,43
1993,708,LTU,46
1994,704,LTU,48
1995,710,LTU,48
1996,719,LTU,46
1997,731,LTU,45
1998,743,LTU,45
1999,751,LTU,44
2000,762,LTU,47
2001,774,LTU,45
2002,785,LTU,43
2003,797,LTU,42
2004,805,LTU,38
2005,817,LTU,36
2006,826,LTU,35
2007,833,LTU,35
2008,838,LTU,35
2009,828,LTU,37
2010,831,LTU,37
2011,838,LTU,35
2012,841,LTU,37
2013,847,LTU,35
2014,859,LTU,34
2015,862,LTU,34
2016,867,LTU,34
2017,873,LTU,34
2018,876,LTU,35
2019,882,LTU,34
1990,797,LUX,16
1991,804,LUX,16
1992,809,LUX,16
1993,813,LUX,17
1994,818,LUX,18
1995,821,LUX,19
1996,830,LUX,18
1997,836,LUX,18
1998,844,LUX,19
1999,856,LUX,16
2000,860,LUX,18
2001,865,LUX,18
2002,869,LUX,18
2003,873,LUX,18
2004,876,LUX,18
2005,880,LUX,18
2006,884,LUX,18
2007,888,LUX,20
2008,890,LUX,19
2009,893,LUX,19
2010,898,LUX,20
2011,899,LUX,21
2012,900,LUX,21
2013,900,LUX,23
2014,903,LUX,23
2015,906,LUX,23
2016,910,LUX,23
2017,913,LUX,22
2018,913,LUX,23
2019,916,LUX,24
2000,462,MDG,137
2001,468,MDG,136
2002,464,MDG,139
2003,473,MDG,137
2004,480,MDG,141
2005,486,MDG,145
2006,490,MDG,149
2007,498,MDG,146
2008,506,MDG,147
2009,510,MDG,151
2010,511,MDG,154
2011,512,MDG,156
2012,514,MDG,158
2013,517,MDG,160
2014,520,MDG,161
2015,522,MDG,162
2016,523,MDG,162
2017,526,MDG,163
2018,527,MDG,164
2019,528,MDG,165
1990,333,MWI,135
1991,340,MWI,134
1992,348,MWI,134
1993,356,MWI,133
1994,356,MWI,134
1995,389,MWI,132
1996,376,MWI,135
1997,395,MWI,132
1998,395,MWI,133
1999,395,MWI,137
2000,388,MWI,161
2001,388,MWI,161
2002,357,MWI,166
2003,361,MWI,167
2004,363,MWI,170
2005,367,MWI,178
2006,377,MWI,178
2007,388,MWI,178
2008,405,MWI,178
2009,420,MWI,176
2010,431,MWI,178
2011,440,MWI,176
2012,446,MWI,176
2013,456,MWI,175
2014,465,MWI,175
2015,468,MWI,175
2016,472,MWI,175
2017,473,MWI,177
2018,478,MWI,177
2019,483,MWI,175
1990,643,MYS,69
1991,651,MYS,65
1992,660,MYS,63
1993,667,MYS,63
1994,675,MYS,61
1995,682,MYS,58
1996,694,MYS,56
1997,704,MYS,54
1998,708,MYS,54
1999,713,MYS,53
2000,723,MYS,55
2001,721,MYS,61
2002,723,MYS,61
2003,730,MYS,61
2004,733,MYS,62
2005,730,MYS,71
2006,737,MYS,72
2007,750,MYS,70
2008,761,MYS,66
2009,765,MYS,65
2010,772,MYS,63
2011,778,MYS,63
2012,781,MYS,63
2013,785,MYS,62
2014,791,MYS,63
2015,796,MYS,63
2016,800,MYS,63
2017,805,MYS,62
2018,805,MYS,64
2019,810,MYS,63
1995,555,MDV,99
1996,569,MDV,99
1997,584,MDV,97
1998,597,MDV,94
1999,611,MDV,93
2000,622,MDV,102
2001,626,MDV,102
2002,630,MDV,103
2003,644,MDV,100
2004,649,MDV,103
2005,645,MDV,109
2006,659,MDV,107
2007,664,MDV,110
2008,673,MDV,110
2009,674,MDV,109
2010,685,MDV,108
2011,697,MDV,107
2012,704,MDV,105
2013,709,MDV,105
2014,718,MDV,104
2015,724,MDV,103
2016,728,MDV,103
2017,731,MDV,101
2018,734,MDV,100
2019,740,MDV,96
1990,234,MLI,143
1991,241,MLI,142
1992,246,MLI,142
1993,253,MLI,142
1994,260,MLI,142
1995,265,MLI,146
1996,274,MLI,146
1997,285,MLI,146
1998,294,MLI,146
1999,306,MLI,148
2000,312,MLI,168
2001,325,MLI,168
2002,334,MLI,168
2003,347,MLI,169
2004,356,MLI,171
2005,367,MLI,177
2006,376,MLI,179
2007,371,MLI,183
2008,394,MLI,180
2009,401,MLI,181
2010,408,MLI,182
2011,413,MLI,182
2012,413,MLI,183
2013,413,MLI,184
2014,419,MLI,184
2015,417,MLI,185
2016,422,MLI,185
2017,427,MLI,186
2018,431,MLI,186
2019,434,MLI,185
1990,752,MLT,27
1991,757,MLT,27
1992,762,MLT,27
1993,766,MLT,29
1994,768,MLT,31
1995,772,MLT,32
1996,776,MLT,33
1997,781,MLT,33
1998,789,MLT,31
1999,793,MLT,32
2000,795,MLT,36
2001,801,MLT,34
2002,804,MLT,35
2003,810,MLT,35
2004,819,MLT,34
2005,834,MLT,32
2006,832,MLT,34
2007,837,MLT,33
2008,839,MLT,34
2009,840,MLT,33
2010,853,MLT,31
2011,853,MLT,32
2012,860,MLT,31
2013,867,MLT,31
2014,874,MLT,30
2015,880,MLT,29
2016,885,MLT,28
2017,888,MLT,28
2018,894,MLT,28
2019,895,MLT,28
2017,699,MHL,117
2018,702,MHL,117
2019,704,MHL,119
1990,397,MRT,123
1991,402,MRT,122
1992,410,MRT,121
1993,423,MRT,116
1994,435,MRT,115
1995,442,MRT,118
1996,451,MRT,118
1997,450,MRT,119
1998,459,MRT,119
1999,464,MRT,118
2000,464,MRT,136
2001,463,MRT,138
2002,467,MRT,137
2003,472,MRT,138
2004,482,MRT,140
2005,486,MRT,146
2006,496,MRT,145
2007,495,MRT,150
2008,494,MRT,154
2009,502,MRT,154
2010,505,MRT,158
2011,509,MRT,157
2012,517,MRT,157
2013,525,MRT,156
2014,531,MRT,156
2015,536,MRT,156
2016,542,MRT,155
2017,540,MRT,158
2018,542,MRT,158
2019,546,MRT,158
1990,624,MUS,75
1991,630,MUS,75
1992,637,MUS,71
1993,643,MUS,70
1994,647,MUS,70
1995,653,MUS,70
1996,656,MUS,71
1997,661,MUS,71
1998,667,MUS,71
1999,672,MUS,72
2000,678,MUS,80
2001,687,MUS,77
2002,692,MUS,78
2003,701,MUS,75
2004,708,MUS,75
2005,717,MUS,76
2006,724,MUS,77
2007,731,MUS,78
2008,738,MUS,79
2009,745,MUS,76
2010,751,MUS,75
2011,760,MUS,72
2012,771,MUS,68
2013,779,MUS,66
2014,789,MUS,64
2015,789,MUS,66
2016,794,MUS,65
2017,797,MUS,66
2018,801,MUS,66
2019,804,MUS,66
1990,656,MEX,62
1991,660,MEX,62
1992,664,MEX,60
1993,668,MEX,62
1994,675,MEX,60
1995,677,MEX,61
1996,683,MEX,61
1997,689,MEX,59
1998,695,MEX,58
1999,699,MEX,59
2000,708,MEX,64
2001,712,MEX,63
2002,718,MEX,63
2003,722,MEX,66
2004,731,MEX,66
2005,737,MEX,67
2006,745,MEX,66
2007,746,MEX,72
2008,748,MEX,73
2009,748,MEX,74
2010,748,MEX,76
2011,755,MEX,77
2012,759,MEX,77
2013,756,MEX,81
2014,761,MEX,78
2015,766,MEX,77
2016,768,MEX,76
2017,771,MEX,74
2018,776,MEX,74
2019,779,MEX,75
2000,546,FSM,123
2001,553,FSM,123
2002,559,FSM,124
2003,565,FSM,124
2004,570,FSM,127
2005,577,FSM,129
2006,583,FSM,130
2007,589,FSM,130
2008,593,FSM,131
2009,596,FSM,131
2010,601,FSM,132
2011,604,FSM,132
2012,605,FSM,133
2013,605,FSM,134
2014,604,FSM,135
2015,612,FSM,134
2016,614,FSM,134
2017,616,FSM,137
2018,618,FSM,137
2019,620,FSM,137
1990,690,MDA,55
1991,680,MDA,55
1992,661,MDA,61
1993,660,MDA,67
1994,640,MDA,72
1995,638,MDA,74
1996,634,MDA,79
1997,637,MDA,80
1998,637,MDA,82
1999,640,MDA,83
2000,643,MDA,95
2001,651,MDA,95
2002,663,MDA,94
2003,673,MDA,91
2004,684,MDA,90
2005,692,MDA,92
2006,699,MDA,93
2007,704,MDA,96
2008,710,MDA,96
2009,706,MDA,99
2010,713,MDA,98
2011,719,MDA,97
2012,726,MDA,96
2013,735,MDA,90
2014,737,MDA,90
2015,736,MDA,97
2016,738,MDA,96
2017,743,MDA,93
2018,746,MDA,93
2019,750,MDA,91
1990,578,MNG,87
1991,573,MNG,91
1992,560,MNG,93
1993,546,MNG,98
1994,549,MNG,98
1995,554,MNG,100
1996,560,MNG,101
1997,567,MNG,100
1998,575,MNG,100
1999,581,MNG,100
2000,588,MNG,113
2001,599,MNG,112
2002,608,MNG,111
2003,621,MNG,108
2004,636,MNG,107
2005,649,MNG,107
2006,659,MNG,106
2007,671,MNG,106
2008,682,MNG,104
2009,687,MNG,104
2010,696,MNG,105
2011,710,MNG,101
2012,718,MNG,100
2013,727,MNG,98
2014,732,MNG,96
2015,735,MNG,98
2016,729,MNG,102
2017,728,MNG,102
2018,735,MNG,98
2019,737,MNG,100
2006,773,MNE,54
2007,784,MNE,52
2008,794,MNE,51
2009,797,MNE,51
2010,802,MNE,49
2011,806,MNE,47
2012,807,MNE,50
2013,811,MNE,50
2014,813,MNE,50
2015,816,MNE,49
2016,818,MNE,50
2017,822,MNE,48
2018,826,MNE,48
2019,829,MNE,48
1990,457,MAR,112
1991,463,MAR,112
1992,467,MAR,111
1993,473,MAR,110
1994,484,MAR,109
1995,487,MAR,110
1996,498,MAR,110
1997,502,MAR,110
1998,509,MAR,109
1999,519,MAR,109
2000,529,MAR,125
2001,541,MAR,125
2002,551,MAR,125
2003,562,MAR,125
2004,572,MAR,125
2005,580,MAR,128
2006,586,MAR,129
2007,594,MAR,128
2008,602,MAR,129
2009,608,MAR,128
2010,616,MAR,129
2011,626,MAR,129
2012,635,MAR,128
2013,644,MAR,126
2014,652,MAR,124
2015,658,MAR,123
2016,667,MAR,123
2017,673,MAR,123
2018,680,MAR,123
2019,686,MAR,122
1990,227,MOZ,144
1991,231,MOZ,143
1992,227,MOZ,143
1993,234,MOZ,143
1994,241,MOZ,143
1995,248,MOZ,147
1996,263,MOZ,147
1997,275,MOZ,148
1998,287,MOZ,147
1999,301,MOZ,149
2000,307,MOZ,169
2001,320,MOZ,169
2002,327,MOZ,170
2003,340,MOZ,170
2004,349,MOZ,172
2005,360,MOZ,179
2006,366,MOZ,181
2007,378,MOZ,180
2008,387,MOZ,181
2009,394,MOZ,182
2010,401,MOZ,183
2011,397,MOZ,184
2012,403,MOZ,184
2013,417,MOZ,183
2014,425,MOZ,183
2015,433,MOZ,182
2016,441,MOZ,181
2017,446,MOZ,182
2018,452,MOZ,182
2019,456,MOZ,182
1990,342,MMR,133
1991,349,MMR,133
1992,363,MMR,131
1993,369,MMR,130
1994,376,MMR,129
1995,380,MMR,133
1996,387,MMR,132
1997,392,MMR,133
1998,396,MMR,132
1999,404,MMR,133
2000,414,MMR,154
2001,423,MMR,154
2002,432,MMR,153
2003,442,MMR,151
2004,452,MMR,151
2005,461,MMR,155
2006,471,MMR,155
2007,482,MMR,155
2008,493,MMR,155
2009,504,MMR,153
2010,515,MMR,152
2011,526,MMR,151
2012,533,MMR,152
2013,543,MMR,151
2014,550,MMR,151
2015,557,MMR,150
2016,563,MMR,149
2017,572,MMR,150
2018,579,MMR,149
2019,583,MMR,148
1990,581,NAM,86
1991,583,NAM,88
1992,587,NAM,88
1993,587,NAM,88
1994,587,NAM,89
1995,582,NAM,93
1996,573,NAM,97
1997,564,NAM,101
1998,557,NAM,105
1999,547,NAM,107
2000,544,NAM,124
2001,543,NAM,124
2002,541,NAM,127
2003,543,NAM,127
2004,545,NAM,129
2005,545,NAM,133
2006,551,NAM,135
2007,559,NAM,135
2008,567,NAM,135
2009,576,NAM,135
2010,589,NAM,135
2011,602,NAM,133
2012,613,NAM,131
2013,624,NAM,129
2014,631,NAM,129
2015,638,NAM,129
2016,639,NAM,129
2017,644,NAM,131
2018,645,NAM,131
2019,646,NAM,131
1990,387,NPL,125
1991,395,NPL,125
1992,402,NPL,124
1993,407,NPL,123
1994,414,NPL,122
1995,419,NPL,125
1996,428,NPL,125
1997,435,NPL,121
1998,440,NPL,122
1999,447,NPL,121
2000,453,NPL,141
2001,454,NPL,141
2002,464,NPL,140
2003,470,NPL,142
2004,476,NPL,143
2005,482,NPL,149
2006,493,NPL,147
2007,498,NPL,147
2008,509,NPL,145
2009,522,NPL,144
2010,537,NPL,146
2011,545,NPL,145
2012,559,NPL,144
2013,568,NPL,144
2014,576,NPL,143
2015,583,NPL,143
2016,586,NPL,144
2017,588,NPL,144
2018,596,NPL,144
2019,602,NPL,143
1990,836,NLD,6
1991,840,NLD,6
1992,841,NLD,6
1993,846,NLD,6
1994,871,NLD,4
1995,868,NLD,4
1996,872,NLD,4
1997,872,NLD,5
1998,874,NLD,6
1999,877,NLD,6
2000,882,NLD,6
2001,886,NLD,6
2002,885,NLD,10
2003,890,NLD,9
2004,892,NLD,12
2005,897,NLD,11
2006,903,NLD,10
2007,910,NLD,7
2008,913,NLD,7
2009,912,NLD,7
2010,917,NLD,6
2011,928,NLD,6
2012,928,NLD,6
2013,930,NLD,7
2014,932,NLD,7
2015,934,NLD,8
2016,936,NLD,9
2017,939,NLD,9
2018,942,NLD,9
2019,944,NLD,9
1990,826,NZL,7
1991,827,NZL,7
1992,832,NZL,8
1993,844,NZL,9
1994,853,NZL,7
1995,859,NZL,8
1996,862,NZL,9
1997,868,NZL,8
1998,870,NZL,8
1999,872,NZL,8
2000,876,NZL,9
2001,880,NZL,10
2002,888,NZL,8
2003,891,NZL,8
2004,894,NZL,10
2005,896,NZL,14
2006,898,NZL,14
2007,901,NZL,13
2008,902,NZL,13
2009,905,NZL,12
2010,906,NZL,13
2011,909,NZL,13
2012,911,NZL,14
2013,914,NZL,16
2014,916,NZL,17
2015,921,NZL,16
2016,924,NZL,14
2017,926,NZL,15
2018,928,NZL,15
2019,931,NZL,15
1990,497,NIC,106
1991,506,NIC,104
1992,513,NIC,104
1993,516,NIC,104
1994,521,NIC,105
1995,531,NIC,107
1996,541,NIC,106
1997,550,NIC,105
1998,559,NIC,104
1999,568,NIC,104
2000,577,NIC,117
2001,583,NIC,116
2002,589,NIC,117
2003,592,NIC,116
2004,597,NIC,120
2005,601,NIC,123
2006,605,NIC,126
2007,611,NIC,126
2008,616,NIC,126
2009,617,NIC,126
2010,622,NIC,128
2011,628,NIC,128
2012,633,NIC,129
2013,639,NIC,127
2014,649,NIC,126
2015,652,NIC,126
2016,657,NIC,125
2017,661,NIC,126
2018,659,NIC,128
2019,660,NIC,129
1990,220,NER,145
1991,223,NER,144
1992,226,NER,144
1993,231,NER,144
1994,235,NER,144
1995,240,NER,148
1996,244,NER,149
1997,248,NER,149
1998,255,NER,149
1999,259,NER,152
2000,262,NER,175
2001,268,NER,175
2002,273,NER,176
2003,276,NER,177
2004,285,NER,179
2005,294,NER,186
2006,300,NER,187
2007,306,NER,187
2008,314,NER,187
2009,321,NER,187
2010,331,NER,188
2011,338,NER,188
2012,350,NER,188
2013,357,NER,188
2014,365,NER,188
2015,372,NER,188
2016,378,NER,188
2017,386,NER,189
2018,391,NER,189
2019,394,NER,189
2003,450,NGA,147
2004,460,NGA,148
2005,465,NGA,154
2006,473,NGA,154
2007,478,NGA,157
2008,484,NGA,158
2009,490,NGA,158
2010,482,NGA,162
2011,492,NGA,163
2012,500,NGA,163
2013,519,NGA,159
2014,523,NGA,159
2015,526,NGA,159
2016,526,NGA,161
2017,531,NGA,162
2018,534,NGA,163
2019,539,NGA,162
2000,677,MKD,81
2001,681,MKD,82
2002,688,MKD,82
2003,694,MKD,80
2004,702,MKD,78
2005,710,MKD,80
2006,716,MKD,82
2007,721,MKD,83
2008,737,MKD,81
2009,739,MKD,80
2010,743,MKD,80
2011,747,MKD,82
2012,748,MKD,83
2013,751,MKD,85
2014,755,MKD,84
2015,761,MKD,82
2016,765,MKD,80
2017,767,MKD,80
2018,770,MKD,82
2019,774,MKD,82
1990,849,NOR,4
1991,854,NOR,4
1992,861,NOR,3
1993,869,NOR,3
1994,883,NOR,1
1995,881,NOR,3
1996,887,NOR,2
1997,893,NOR,2
1998,904,NOR,1
1999,909,NOR,1
2000,915,NOR,1
2001,914,NOR,1
2002,917,NOR,1
2003,923,NOR,1
2004,932,NOR,1
2005,931,NOR,1
2006,934,NOR,1
2007,936,NOR,1
2008,937,NOR,1
2009,937,NOR,1
2010,940,NOR,2
2011,942,NOR,1
2012,941,NOR,2
2013,944,NOR,2
2014,944,NOR,1
2015,947,NOR,1
2016,950,NOR,1
2017,954,NOR,1
2018,956,NOR,1
2019,957,NOR,1
2000,693,OMN,69
2001,705,OMN,67
2002,714,OMN,67
2003,724,OMN,65
2004,731,OMN,65
2005,736,OMN,68
2006,740,OMN,70
2007,752,OMN,66
2008,770,OMN,62
2009,777,OMN,59
2010,782,OMN,58
2011,782,OMN,58
2012,791,OMN,58
2013,799,OMN,57
2014,802,OMN,57
2015,814,OMN,52
2016,815,OMN,52
2017,819,OMN,53
2018,813,OMN,57
2019,813,OMN,60
1990,402,PAK,121
1991,407,PAK,120
1992,413,PAK,119
1993,417,PAK,121
1994,421,PAK,119
1995,426,PAK,122
1996,431,PAK,123
1997,434,PAK,123
1998,438,PAK,123
1999,443,PAK,123
2000,447,PAK,143
2001,454,PAK,142
2002,462,PAK,141
2003,471,PAK,140
2004,473,PAK,145
2005,486,PAK,147
2006,492,PAK,148
2007,496,PAK,149
2008,503,PAK,148
2009,508,PAK,152
2010,512,PAK,153
2011,516,PAK,154
2012,519,PAK,156
2013,523,PAK,157
2014,530,PAK,157
2015,536,PAK,157
2016,542,PAK,156
2017,550,PAK,156
2018,552,PAK,156
2019,557,PAK,155
2000,744,PLW,50
2001,747,PLW,52
2002,751,PLW,51
2003,755,PLW,52
2004,758,PLW,52
2005,770,PLW,52
2006,774,PLW,53
2007,780,PLW,54
2008,781,PLW,55
2009,782,PLW,58
2010,786,PLW,56
2011,793,PLW,53
2012,795,PLW,56
2013,821,PLW,47
2014,825,PLW,47
2015,820,PLW,48
2016,822,PLW,48
2017,822,PLW,49
2018,822,PLW,52
2019,826,PLW,50
1990,675,PAN,58
1991,680,PAN,54
1992,688,PAN,51
1993,696,PAN,50
1994,699,PAN,50
1995,704,PAN,49
1996,710,PAN,50
1997,716,PAN,49
1998,724,PAN,49
1999,729,PAN,49
2000,735,PAN,54
2001,738,PAN,54
2002,744,PAN,54
2003,746,PAN,54
2004,751,PAN,56
2005,754,PAN,57
2006,759,PAN,60
2007,767,PAN,60
2008,771,PAN,61
2009,772,PAN,62
2010,774,PAN,62
2011,780,PAN,61
2012,786,PAN,60
2013,791,PAN,60
2014,795,PAN,62
2015,799,PAN,61
2016,805,PAN,60
2017,811,PAN,59
2018,812,PAN,59
2019,815,PAN,57
1990,380,PNG,126
1991,389,PNG,126
1992,398,PNG,126
1993,411,PNG,122
1994,417,PNG,120
1995,425,PNG,123
1996,433,PNG,121
1997,435,PNG,122
1998,442,PNG,120
1999,445,PNG,122
2000,450,PNG,142
2001,456,PNG,140
2002,462,PNG,142
2003,470,PNG,143
2004,473,PNG,146
2005,480,PNG,150
2006,485,PNG,151
2007,498,PNG,148
2008,503,PNG,149
2009,512,PNG,150
2010,522,PNG,148
2011,530,PNG,150
2012,520,PNG,155
2013,537,PNG,153
2014,542,PNG,154
2015,548,PNG,153
2016,549,PNG,153
2017,549,PNG,157
2018,549,PNG,157
2019,555,PNG,156
1990,598,PRY,83
1991,604,PRY,82
1992,608,PRY,82
1993,615,PRY,81
1994,620,PRY,80
1995,625,PRY,80
1996,632,PRY,81
1997,637,PRY,79
1998,641,PRY,78
1999,644,PRY,80
2000,643,PRY,94
2001,652,PRY,94
2002,662,PRY,95
2003,660,PRY,97
2004,667,PRY,99
2005,670,PRY,102
2006,670,PRY,104
2007,675,PRY,103
2008,684,PRY,103
2009,681,PRY,107
2010,696,PRY,106
2011,701,PRY,105
2012,701,PRY,107
2013,712,PRY,104
2014,715,PRY,105
2015,721,PRY,104
2016,722,PRY,104
2017,726,PRY,104
2018,727,PRY,105
2019,728,PRY,104
1990,613,PER,79
1991,620,PER,77
1992,620,PER,76
1993,625,PER,74
1994,636,PER,73
1995,646,PER,73
1996,651,PER,72
1997,657,PER,72
1998,667,PER,72
1999,677,PER,67
2000,679,PER,78
2001,687,PER,78
2002,688,PER,83
2003,687,PER,87
2004,694,PER,85
2005,699,PER,87
2006,697,PER,95
2007,704,PER,95
2008,715,PER,93
2009,718,PER,94
2010,721,PER,94
2011,734,PER,87
2012,742,PER,85
2013,750,PER,86
2014,760,PER,80
2015,759,PER,83
2016,765,PER,81
2017,767,PER,81
2018,771,PER,81
2019,777,PER,79
1990,593,PHL,84
1991,595,PHL,84
1992,598,PHL,83
1993,601,PHL,84
1994,605,PHL,84
1995,609,PHL,86
1996,617,PHL,86
1997,621,PHL,86
1998,626,PHL,87
1999,630,PHL,86
2000,632,PHL,99
2001,633,PHL,99
2002,638,PHL,100
2003,642,PHL,101
2004,652,PHL,101
2005,654,PHL,105
2006,656,PHL,109
2007,662,PHL,111
2008,666,PHL,111
2009,665,PHL,111
2010,671,PHL,111
2011,676,PHL,112
2012,684,PHL,112
2013,691,PHL,112
2014,696,PHL,111
2015,701,PHL,110
2016,704,PHL,111
2017,708,PHL,112
2018,711,PHL,112
2019,718,PHL,109
1990,718,POL,44
1991,716,POL,45
1992,719,POL,44
1993,730,POL,40
1994,739,POL,40
1995,745,POL,41
1996,753,POL,39
1997,764,POL,38
1998,774,POL,36
1999,783,POL,35
2000,790,POL,38
2001,796,POL,39
2002,804,POL,36
2003,809,POL,36
2004,807,POL,37
2005,813,POL,37
2006,819,POL,37
2007,824,POL,38
2008,829,POL,36
2009,834,POL,35
2010,840,POL,33
2011,845,POL,33
2012,842,POL,36
2013,856,POL,34
2014,858,POL,35
2015,863,POL,33
2016,869,POL,33
2017,873,POL,35
2018,877,POL,34
2019,880,POL,35
1990,718,PRT,45
1991,727,PRT,41
1992,739,PRT,34
1993,753,PRT,32
1994,760,PRT,33
1995,767,PRT,33
1996,774,PRT,34
1997,780,PRT,34
1998,787,PRT,33
1999,786,PRT,34
2000,792,PRT,37
2001,798,PRT,36
2002,799,PRT,38
2003,805,PRT,37
2004,809,PRT,36
2005,813,PRT,38
2006,811,PRT,42
2007,814,PRT,43
2008,817,PRT,43
2009,823,PRT,41
2010,829,PRT,40
2011,833,PRT,39
2012,836,PRT,39
2013,840,PRT,39
2014,847,PRT,38
2015,854,PRT,38
2016,855,PRT,38
2017,858,PRT,38
2018,860,PRT,38
2019,864,PRT,38
1990,750,QAT,28
1991,747,QAT,29
1992,751,QAT,29
1993,762,QAT,30
1994,773,QAT,28
1995,782,QAT,28
1996,794,QAT,25
1997,806,QAT,24
1998,810,QAT,25
1999,814,QAT,25
2000,816,QAT,28
2001,817,QAT,28
2002,822,QAT,29
2003,830,QAT,30
2004,832,QAT,31
2005,838,QAT,30
2006,835,QAT,33
2007,838,QAT,32
2008,843,QAT,32
2009,841,QAT,32
2010,834,QAT,35
2011,840,QAT,34
2012,854,QAT,34
2013,842,QAT,38
2014,835,QAT,46
2015,839,QAT,46
2016,845,QAT,43
2017,848,QAT,42
2018,845,QAT,45
2019,848,QAT,45
1990,708,ROU,49
1991,694,ROU,52
1992,686,ROU,52
1993,686,ROU,54
1994,688,ROU,55
1995,694,ROU,54
1996,702,ROU,53
1997,703,ROU,55
1998,705,ROU,55
1999,711,ROU,55
2000,716,ROU,60
2001,722,ROU,60
2002,731,ROU,57
2003,739,ROU,58
2004,753,ROU,54
2005,762,ROU,54
2006,774,ROU,52
2007,788,ROU,51
2008,803,ROU,47
2009,806,ROU,46
2010,805,ROU,47
2011,806,ROU,48
2012,803,ROU,52
2013,808,ROU,51
2014,811,ROU,51
2015,815,ROU,50
2016,820,ROU,49
2017,821,ROU,50
2018,823,ROU,50
2019,828,ROU,49
1990,735,RUS,35
1991,731,RUS,38
1992,720,RUS,42
1993,712,RUS,45
1994,703,RUS,49
1995,702,RUS,51
1996,703,RUS,51
1997,705,RUS,53
1998,705,RUS,56
1999,711,RUS,56
2000,722,RUS,56
2001,728,RUS,56
2002,734,RUS,56
2003,742,RUS,56
2004,748,RUS,58
2005,753,RUS,58
2006,760,RUS,59
2007,769,RUS,59
2008,775,RUS,59
2009,773,RUS,61
2010,781,RUS,61
2011,790,RUS,56
2012,798,RUS,53
2013,802,RUS,54
2014,807,RUS,53
2015,809,RUS,55
2016,815,RUS,53
2017,820,RUS,51
2018,823,RUS,51
2019,824,RUS,52
1990,248,RWA,142
1991,220,RWA,145
1992,202,RWA,145
1993,197,RWA,145
1994,192,RWA,145
1995,231,RWA,149
1996,263,RWA,148
1997,291,RWA,144
1998,307,RWA,144
1999,326,RWA,146
2000,341,RWA,165
2001,350,RWA,165
2002,366,RWA,164
2003,379,RWA,165
2004,396,RWA,166
2005,413,RWA,171
2006,434,RWA,170
2007,450,RWA,163
2008,461,RWA,163
2009,477,RWA,161
2010,492,RWA,161
2011,500,RWA,161
2012,508,RWA,160
2013,515,RWA,161
2014,521,RWA,160
2015,526,RWA,160
2016,527,RWA,160
2017,535,RWA,160
2018,540,RWA,160
2019,543,RWA,161
1990,633,WSM,71
1991,634,WSM,73
1992,634,WSM,72
1993,639,WSM,72
1994,618,WSM,81
1995,624,WSM,83
1996,633,WSM,80
1997,635,WSM,81
1998,641,WSM,79
1999,646,WSM,79
2000,651,WSM,93
2001,659,WSM,93
2002,659,WSM,96
2003,665,WSM,96
2004,673,WSM,96
2005,677,WSM,100
2006,680,WSM,102
2007,686,WSM,102
2008,687,WSM,102
2009,691,WSM,102
2010,698,WSM,104
2011,701,WSM,106
2012,698,WSM,109
2013,700,WSM,109
2014,703,WSM,109
2015,707,WSM,108
2016,710,WSM,108
2017,710,WSM,111
2018,709,WSM,114
2019,715,WSM,113
1990,452,STP,113
1991,454,STP,113
1992,457,STP,113
1993,460,STP,113
1994,465,STP,112
1995,469,STP,114
1996,475,STP,113
1997,479,STP,112
1998,485,STP,112
1999,492,STP,110
2000,498,STP,127
2001,506,STP,127
2002,511,STP,128
2003,519,STP,128
2004,526,STP,131
2005,533,STP,136
2006,543,STP,137
2007,548,STP,137
2008,546,STP,139
2009,556,STP,139
2010,561,STP,140
2011,568,STP,140
2012,573,STP,142
2013,582,STP,141
2014,591,STP,137
2015,604,STP,136
2016,608,STP,135
2017,619,STP,135
2018,624,STP,136
2019,625,STP,136
1990,697,SAU,52
1991,705,SAU,50
1992,710,SAU,47
1993,714,SAU,44
1994,718,SAU,45
1995,722,SAU,45
1996,726,SAU,45
1997,731,SAU,46
1998,736,SAU,48
1999,738,SAU,48
2000,743,SAU,51
2001,746,SAU,53
2002,748,SAU,53
2003,755,SAU,51
2004,764,SAU,51
2005,770,SAU,51
2006,777,SAU,51
2007,783,SAU,53
2008,792,SAU,52
2009,796,SAU,52
2010,809,SAU,45
2011,823,SAU,45
2012,835,SAU,40
2013,845,SAU,37
2014,852,SAU,36
2015,859,SAU,36
2016,859,SAU,37
2017,852,SAU,41
2018,854,SAU,40
2019,854,SAU,41
1990,376,SEN,127
1991,377,SEN,127
1992,377,SEN,128
1993,377,SEN,129
1994,376,SEN,130
1995,378,SEN,134
1996,379,SEN,133
1997,380,SEN,136
1998,382,SEN,136
1999,385,SEN,140
2000,390,SEN,159
2001,405,SEN,159
2002,410,SEN,160
2003,418,SEN,159
2004,426,SEN,162
2005,434,SEN,167
2006,438,SEN,168
2007,447,SEN,167
2008,457,SEN,165
2009,461,SEN,166
2010,468,SEN,169
2011,471,SEN,171
2012,487,SEN,166
2013,494,SEN,166
2014,499,SEN,166
2015,506,SEN,164
2016,509,SEN,166
2017,512,SEN,167
2018,516,SEN,168
2019,512,SEN,169
1990,722,SRB,41
1991,719,SRB,44
1992,706,SRB,48
1993,690,SRB,51
1994,694,SRB,51
1995,699,SRB,52
1996,703,SRB,52
1997,709,SRB,51
1998,713,SRB,52
1999,710,SRB,57
2000,716,SRB,61
2001,723,SRB,59
2002,726,SRB,60
2003,732,SRB,59
2004,740,SRB,59
2005,749,SRB,59
2006,754,SRB,63
2007,758,SRB,64
2008,764,SRB,64
2009,766,SRB,64
2010,766,SRB,65
2011,776,SRB,64
2012,775,SRB,66
2013,778,SRB,67
2014,784,SRB,67
2015,789,SRB,67
2016,795,SRB,64
2017,798,SRB,65
2018,803,SRB,65
2019,806,SRB,65
2000,714,SYC,62
2001,710,SYC,64
2002,711,SYC,68
2003,714,SYC,68
2004,716,SYC,71
2005,732,SYC,70
2006,722,SYC,78
2007,745,SYC,73
2008,750,SYC,72
2009,754,SYC,70
2010,764,SYC,68
2011,767,SYC,68
2012,755,SYC,80
2013,775,SYC,70
2014,775,SYC,69
2015,786,SYC,69
2016,787,SYC,69
2017,789,SYC,69
2018,790,SYC,69
2019,796,SYC,67
1990,287,SLE,140
1991,280,SLE,141
1992,278,SLE,141
1993,282,SLE,141
1994,284,SLE,141
1995,287,SLE,145
1996,282,SLE,145
1997,280,SLE,147
1998,284,SLE,148
1999,287,SLE,151
2000,295,SLE,171
2001,309,SLE,170
2002,326,SLE,171
2003,336,SLE,171
2004,345,SLE,173
2005,354,SLE,181
2006,362,SLE,182
2007,375,SLE,181
2008,386,SLE,182
2009,394,SLE,183
2010,399,SLE,184
2011,406,SLE,183
2012,421,SLE,182
2013,433,SLE,181
2014,438,SLE,182
2015,431,SLE,183
2016,431,SLE,183
2017,443,SLE,183
2018,447,SLE,183
2019,452,SLE,183
1990,721,SGP,42
1991,731,SGP,39
1992,742,SGP,32
1993,753,SGP,33
1994,764,SGP,32
1995,774,SGP,31
1996,783,SGP,29
1997,794,SGP,29
1998,799,SGP,28
1999,810,SGP,27
2000,821,SGP,27
2001,825,SGP,27
2002,833,SGP,27
2003,842,SGP,26
2004,849,SGP,26
2005,874,SGP,21
2006,881,SGP,19
2007,882,SGP,22
2008,888,SGP,21
2009,888,SGP,21
2010,909,SGP,12
2011,913,SGP,9
2012,918,SGP,9
2013,921,SGP,10
2014,926,SGP,12
2015,931,SGP,10
2016,935,SGP,11
2017,933,SGP,12
2018,936,SGP,12
2019,938,SGP,12
1990,741,SVK,30
1991,736,SVK,32
1992,735,SVK,37
1993,738,SVK,37
1994,745,SVK,37
1995,752,SVK,37
1996,756,SVK,38
1997,758,SVK,39
1998,764,SVK,40
1999,763,SVK,42
2000,765,SVK,46
2001,766,SVK,49
2002,773,SVK,48
2003,778,SVK,49
2004,786,SVK,48
2005,796,SVK,44
2006,805,SVK,43
2007,816,SVK,42
2008,823,SVK,39
2009,825,SVK,40
2010,831,SVK,38
2011,838,SVK,36
2012,843,SVK,35
2013,845,SVK,36
2014,847,SVK,37
2015,850,SVK,39
2016,853,SVK,41
2017,855,SVK,39
2018,858,SVK,39
2019,860,SVK,39
1990,774,SVN,22
1991,772,SVN,23
1992,774,SVN,25
1993,776,SVN,26
1994,783,SVN,26
1995,790,SVN,25
1996,796,SVN,24
1997,804,SVN,26
1998,813,SVN,24
1999,826,SVN,22
2000,832,SVN,23
2001,843,SVN,23
2002,850,SVN,22
2003,857,SVN,20
2004,864,SVN,21
2005,869,SVN,22
2006,876,SVN,22
2007,880,SVN,23
2008,886,SVN,22
2009,885,SVN,22
2010,889,SVN,23
2011,891,SVN,24
2012,884,SVN,25
2013,893,SVN,24
2014,894,SVN,24
2015,894,SVN,26
2016,900,SVN,24
2017,907,SVN,24
2018,912,SVN,24
2019,917,SVN,22
1999,489,SLB,111
2000,475,SLB,132
2001,480,SLB,132
2002,486,SLB,133
2003,492,SLB,134
2004,500,SLB,136
2005,509,SLB,141
2006,519,SLB,141
2007,526,SLB,142
2008,524,SLB,144
2009,517,SLB,145
2010,537,SLB,145
2011,541,SLB,146
2012,553,SLB,145
2013,558,SLB,146
2014,559,SLB,149
2015,563,SLB,149
2016,561,SLB,150
2017,562,SLB,153
2018,564,SLB,152
2019,567,SLB,152
1990,627,ZAF,73
1991,634,ZAF,72
1992,642,ZAF,69
1993,648,ZAF,69
1994,650,ZAF,69
1995,653,ZAF,71
1996,650,ZAF,73
1997,646,ZAF,74
1998,640,ZAF,80
1999,635,ZAF,84
2000,631,ZAF,100
2001,611,ZAF,107
2002,619,ZAF,108
2003,619,ZAF,110
2004,619,ZAF,117
2005,622,ZAF,120
2006,626,ZAF,121
2007,632,ZAF,121
2008,646,ZAF,119
2009,655,ZAF,119
2010,664,ZAF,118
2011,665,ZAF,119
2012,675,ZAF,118
2013,685,ZAF,114
2014,693,ZAF,113
2015,701,ZAF,111
2016,703,ZAF,112
2017,705,ZAF,115
2018,707,ZAF,116
2019,709,ZAF,115
1990,732,KOR,37
1991,743,KOR,30
1992,750,KOR,30
1993,760,KOR,31
1994,772,KOR,30
1995,783,KOR,27
1996,793,KOR,27
1997,805,KOR,25
1998,802,KOR,27
1999,813,KOR,26
2000,823,KOR,26
2001,829,KOR,26
2002,837,KOR,25
2003,844,KOR,25
2004,853,KOR,25
2005,860,KOR,26
2006,868,KOR,26
2007,875,KOR,24
2008,880,KOR,24
2009,877,KOR,24
2010,889,KOR,22
2011,895,KOR,22
2012,898,KOR,22
2013,901,KOR,22
2014,904,KOR,22
2015,907,KOR,22
2016,910,KOR,22
2017,912,KOR,23
2018,914,KOR,22
2019,916,KOR,23
1990,761,ESP,26
1991,770,ESP,26
1992,779,ESP,23
1993,789,ESP,23
1994,798,ESP,23
1995,807,ESP,22
1996,813,ESP,22
1997,817,ESP,23
1998,821,ESP,22
1999,826,ESP,23
2000,832,ESP,24
2001,835,ESP,25
2002,837,ESP,26
2003,840,ESP,27
2004,844,ESP,27
2005,851,ESP,28
2006,856,ESP,28
2007,860,ESP,27
2008,863,ESP,29
2009,865,ESP,29
2010,872,ESP,27
2011,878,ESP,27
2012,881,ESP,27
2013,882,ESP,27
2014,888,ESP,27
2015,895,ESP,25
2016,899,ESP,25
2017,903,ESP,25
2018,905,ESP,25
2019,904,ESP,25
1990,629,LKA,72
1991,634,LKA,70
1992,639,LKA,70
1993,641,LKA,71
1994,650,LKA,68
1995,654,LKA,69
1996,659,LKA,69
1997,666,LKA,69
1998,673,LKA,67
1999,681,LKA,63
2000,691,LKA,70
2001,697,LKA,70
2002,703,LKA,70
2003,712,LKA,69
2004,719,LKA,69
2005,725,LKA,73
2006,732,LKA,73
2007,738,LKA,77
2008,746,LKA,74
2009,749,LKA,72
2010,754,LKA,72
2011,760,LKA,71
2012,766,LKA,72
2013,769,LKA,72
2014,773,LKA,72
2015,776,LKA,70
2016,773,LKA,71
2017,775,LKA,72
2018,779,LKA,72
2019,782,LKA,72
2005,711,KNA,79
2006,718,KNA,81
2007,724,KNA,80
2008,739,KNA,78
2009,740,KNA,79
2010,746,KNA,78
2011,749,KNA,81
2012,745,KNA,84
2013,764,KNA,75
2014,768,KNA,74
2015,768,KNA,76
2016,771,KNA,75
2017,770,KNA,77
2018,773,KNA,77
2019,779,KNA,76
2000,695,LCA,67
2001,691,LCA,75
2002,693,LCA,76
2003,695,LCA,79
2004,695,LCA,84
2005,698,LCA,89
2006,712,LCA,85
2007,714,LCA,87
2008,725,LCA,86
2009,728,LCA,85
2010,730,LCA,86
2011,736,LCA,84
2012,730,LCA,93
2013,732,LCA,93
2014,735,LCA,93
2015,747,LCA,87
2016,752,LCA,87
2017,759,LCA,86
2018,758,LCA,86
2019,759,LCA,88
2000,681,VCT,76
2001,686,VCT,79
2002,690,VCT,80
2003,698,VCT,76
2004,701,VCT,80
2005,705,VCT,85
2006,711,VCT,87
2007,715,VCT,86
2008,721,VCT,87
2009,720,VCT,91
2010,718,VCT,95
2011,721,VCT,95
2012,720,VCT,99
2013,723,VCT,102
2014,733,VCT,95
2015,733,VCT,99
2016,734,VCT,98
2017,734,VCT,99
2018,736,VCT,97
2019,738,VCT,99
1990,331,SDN,136
1991,336,SDN,135
1992,344,SDN,135
1993,352,SDN,135
1994,358,SDN,133
1995,366,SDN,137
1996,374,SDN,136
1997,384,SDN,134
1998,390,SDN,134
1999,396,SDN,136
2000,403,SDN,157
2001,409,SDN,158
2002,415,SDN,159
2003,422,SDN,158
2004,430,SDN,160
2005,437,SDN,163
2006,443,SDN,165
2007,450,SDN,164
2008,461,SDN,164
2009,468,SDN,164
2010,469,SDN,167
2011,474,SDN,168
2012,486,SDN,167
2013,494,SDN,167
2014,499,SDN,167
2015,504,SDN,165
2016,507,SDN,167
2017,509,SDN,169
2018,506,SDN,172
2019,510,SDN,172
2004,682,SUR,91
2005,686,SUR,95
2006,691,SUR,98
2007,697,SUR,99
2008,701,SUR,99
2009,707,SUR,98
2010,710,SUR,99
2011,717,SUR,99
2012,729,SUR,94
2013,734,SUR,91
2014,735,SUR,92
2015,740,SUR,91
2016,735,SUR,97
2017,732,SUR,100
2018,734,SUR,101
2019,738,SUR,98
1990,821,SWE,8
1991,823,SWE,9
1992,826,SWE,10
1993,846,SWE,7
1994,855,SWE,6
1995,862,SWE,6
1996,869,SWE,5
1997,880,SWE,4
1998,894,SWE,3
1999,899,SWE,3
2000,903,SWE,3
2001,905,SWE,3
2002,908,SWE,2
2003,913,SWE,2
2004,901,SWE,7
2005,904,SWE,8
2006,908,SWE,7
2007,910,SWE,8
2008,907,SWE,10
2009,905,SWE,13
2010,911,SWE,10
2011,912,SWE,10
2012,914,SWE,12
2013,933,SWE,5
2014,935,SWE,5
2015,938,SWE,5
2016,940,SWE,6
2017,942,SWE,6
2018,943,SWE,8
2019,945,SWE,7
1990,840,CHE,5
1991,842,CHE,5
1992,845,CHE,5
1993,849,CHE,5
1994,852,CHE,9
1995,856,CHE,9
1996,863,CHE,8
1997,872,CHE,6
1998,882,CHE,5
1999,889,CHE,5
2000,898,CHE,4
2001,900,CHE,4
2002,899,CHE,4
2003,905,CHE,4
2004,909,CHE,3
2005,914,CHE,2
2006,920,CHE,2
2007,923,CHE,2
2008,925,CHE,3
2009,935,CHE,2
2010,941,CHE,1
2011,941,CHE,2
2012,944,CHE,1
2013,946,CHE,1
2014,942,CHE,2
2015,947,CHE,2
2016,947,CHE,2
2017,949,CHE,2
2018,955,CHE,2
2019,955,CHE,3
1990,550,SYR,95
1991,556,SYR,94
1992,560,SYR,94
1993,564,SYR,95
1994,572,SYR,92
1995,575,SYR,97
1996,582,SYR,95
1997,586,SYR,96
1998,588,SYR,96
1999,593,SYR,97
2000,600,SYR,109
2001,607,SYR,109
2002,607,SYR,112
2003,620,SYR,109
2004,636,SYR,108
2005,652,SYR,106
2006,662,SYR,105
2007,673,SYR,105
2008,676,SYR,108
2009,674,SYR,110
2010,672,SYR,110
2011,678,SYR,110
2012,664,SYR,122
2013,596,SYR,136
2014,556,SYR,150
2015,537,SYR,155
2016,528,SYR,159
2017,564,SYR,151
2018,563,SYR,153
2019,567,SYR,153
1990,617,TJK,76
1991,612,TJK,80
1992,592,TJK,87
1993,575,TJK,91
1994,556,TJK,96
1995,549,TJK,101
1996,535,TJK,107
1997,540,TJK,107
1998,544,TJK,107
1999,548,TJK,106
2000,555,TJK,120
2001,564,TJK,121
2002,573,TJK,121
2003,588,TJK,119
2004,600,TJK,119
2005,607,TJK,122
2006,617,TJK,123
2007,621,TJK,124
2008,639,TJK,122
2009,633,TJK,123
2010,638,TJK,124
2011,636,TJK,127
2012,643,TJK,126
2013,653,TJK,123
2014,652,TJK,125
2015,652,TJK,127
2016,653,TJK,128
2017,657,TJK,128
2018,661,TJK,127
2019,668,TJK,126
1990,368,TZA,130
1991,369,TZA,130
1992,367,TZA,130
1993,367,TZA,131
1994,366,TZA,132
1995,367,TZA,136
1996,369,TZA,137
1997,370,TZA,137
1998,377,TZA,137
1999,383,TZA,141
2000,390,TZA,160
2001,397,TZA,160
2002,407,TZA,161
2003,416,TZA,161
2004,426,TZA,163
2005,437,TZA,164
2006,447,TZA,162
2007,456,TZA,162
2008,465,TZA,162
2009,474,TZA,162
2010,481,TZA,164
2011,487,TZA,164
2012,496,TZA,164
2013,497,TZA,164
2014,504,TZA,163
2015,514,TZA,163
2016,520,TZA,163
2017,523,TZA,165
2018,524,TZA,165
2019,529,TZA,164
1990,577,THA,88
1991,586,THA,86
1992,592,THA,86
1993,600,THA,86
1994,607,THA,83
1995,614,THA,84
1996,622,THA,84
1997,628,THA,84
1998,633,THA,83
1999,643,THA,81
2000,652,THA,91
2001,660,THA,91
2002,669,THA,91
2003,677,THA,90
2004,686,THA,88
2005,696,THA,90
2006,697,THA,96
2007,714,THA,88
2008,718,THA,89
2009,722,THA,88
2010,724,THA,91
2011,733,THA,88
2012,737,THA,88
2013,734,THA,92
2014,742,THA,87
2015,749,THA,86
2016,756,THA,86
2017,765,THA,82
2018,772,THA,79
2019,777,THA,80
2000,484,TLS,130
2001,492,TLS,130
2002,503,TLS,130
2003,504,TLS,130
2004,518,TLS,132
2005,537,TLS,134
2006,563,TLS,134
2007,585,TLS,132
2008,616,TLS,127
2009,611,TLS,127
2010,628,TLS,127
2011,644,TLS,124
2012,639,TLS,127
2013,630,TLS,128
2014,620,TLS,130
2015,610,TLS,135
2016,598,TLS,140
2017,599,TLS,141
2018,599,TLS,143
2019,606,TLS,142
1990,406,TGO,118
1991,409,TGO,119
1992,400,TGO,125
1993,391,TGO,126
1994,397,TGO,126
1995,410,TGO,128
1996,418,TGO,127
1997,426,TGO,126
1998,425,TGO,127
1999,426,TGO,128
2000,427,TGO,149
2001,430,TGO,151
2002,433,TGO,152
2003,438,TGO,152
2004,439,TGO,156
2005,438,TGO,162
2006,444,TGO,163
2007,439,TGO,171
2008,447,TGO,170
2009,456,TGO,170
2010,466,TGO,170
2011,479,TGO,165
2012,482,TGO,170
2013,488,TGO,170
2014,493,TGO,169
2015,499,TGO,170
2016,502,TGO,170
2017,506,TGO,171
2018,510,TGO,169
2019,515,TGO,168
1990,654,TON,64
1991,659,TON,63
1992,661,TON,62
1993,665,TON,64
1994,672,TON,62
1995,675,TON,62
1996,675,TON,63
1997,675,TON,63
1998,678,TON,63
1999,679,TON,66
2000,675,TON,84
2001,679,TON,84
2002,684,TON,86
2003,693,TON,81
2004,682,TON,92
2005,682,TON,98
2006,683,TON,101
2007,686,TON,101
2008,688,TON,101
2009,693,TON,101
2010,699,TON,102
2011,704,TON,104
2012,708,TON,104
2013,708,TON,106
2014,707,TON,107
2015,720,TON,105
2016,722,TON,105
2017,723,TON,106
2018,723,TON,106
2019,725,TON,105
1990,668,TTO,59
1991,670,TTO,59
1992,670,TTO,58
1993,672,TTO,59
1994,676,TTO,58
1995,681,TTO,59
1996,687,TTO,59
1997,695,TTO,58
1998,694,TTO,59
1999,713,TTO,54
2000,717,TTO,59
2001,725,TTO,58
2002,726,TTO,59
2003,740,TTO,57
2004,750,TTO,57
2005,748,TTO,60
2006,763,TTO,57
2007,771,TTO,58
2008,778,TTO,57
2009,782,TTO,57
2010,784,TTO,57
2011,782,TTO,59
2012,780,TTO,64
2013,783,TTO,64
2014,785,TTO,66
2015,792,TTO,64
2016,792,TTO,67
2017,795,TTO,67
2018,795,TTO,67
2019,796,TTO,68
1990,567,TUN,91
1991,573,TUN,92
1992,581,TUN,90
1993,587,TUN,87
1994,598,TUN,86
1995,605,TUN,87
1996,614,TUN,87
1997,621,TUN,87
1998,632,TUN,84
1999,643,TUN,82
2000,651,TUN,92
2001,659,TUN,92
2002,664,TUN,93
2003,671,TUN,92
2004,681,TUN,93
2005,688,TUN,94
2006,694,TUN,97
2007,700,TUN,98
2008,707,TUN,97
2009,709,TUN,97
2010,716,TUN,96
2011,718,TUN,98
2012,720,TUN,98
2013,723,TUN,101
2014,726,TUN,103
2015,729,TUN,102
2016,731,TUN,100
2017,734,TUN,98
2018,738,TUN,96
2019,740,TUN,97
1990,583,TUR,85
1991,587,TUR,85
1992,594,TUR,85
1993,601,TUR,85
1994,603,TUR,85
1995,611,TUR,85
1996,620,TUR,85
1997,629,TUR,82
1998,640,TUR,81
1999,648,TUR,78
2000,660,TUR,88
2001,666,TUR,88
2002,677,TUR,88
2003,684,TUR,88
2004,690,TUR,87
2005,696,TUR,91
2006,704,TUR,89
2007,712,TUR,89
2008,714,TUR,94
2009,720,TUR,90
2010,739,TUR,83
2011,753,TUR,79
2012,765,TUR,73
2013,785,TUR,63
2014,796,TUR,61
2015,801,TUR,60
2016,808,TUR,59
2017,814,TUR,55
2018,817,TUR,54
2019,820,TUR,54
2010,666,TKM,116
2011,673,TKM,114
2012,679,TKM,114
2013,685,TKM,115
2014,689,TKM,116
2015,694,TKM,116
2016,699,TKM,115
2017,701,TKM,116
2018,710,TKM,113
2019,715,TKM,112
1990,320,UGA,137
1991,320,UGA,137
1992,313,UGA,138
1993,320,UGA,136
1994,322,UGA,136
1995,328,UGA,141
1996,344,UGA,140
1997,358,UGA,138
1998,373,UGA,138
1999,390,UGA,139
2000,404,UGA,155
2001,412,UGA,155
2002,427,UGA,154
2003,436,UGA,154
2004,436,UGA,157
2005,444,UGA,160
2006,456,UGA,161
2007,466,UGA,160
2008,479,UGA,160
2009,487,UGA,160
2010,498,UGA,159
2011,504,UGA,159
2012,507,UGA,161
2013,513,UGA,162
2014,519,UGA,162
2015,525,UGA,161
2016,529,UGA,158
2017,532,UGA,161
2018,538,UGA,161
2019,544,UGA,160
1990,725,UKR,38
1991,721,UKR,43
1992,713,UKR,45
1993,703,UKR,49
1994,690,UKR,53
1995,686,UKR,57
1996,684,UKR,60
1997,686,UKR,61
1998,688,UKR,60
1999,690,UKR,61
2000,694,UKR,68
2001,708,UKR,65
2002,717,UKR,64
2003,725,UKR,64
2004,732,UKR,63
2005,738,UKR,66
2006,744,UKR,68
2007,751,UKR,68
2008,755,UKR,70
2009,749,UKR,73
2010,755,UKR,71
2011,760,UKR,73
2012,764,UKR,74
2013,767,UKR,73
2014,771,UKR,73
2015,765,UKR,78
2016,768,UKR,77
2017,771,UKR,75
2018,774,UKR,75
2019,779,UKR,77
1990,723,ARE,40
1991,735,ARE,33
1992,738,ARE,35
1993,745,ARE,34
1994,755,ARE,34
1995,764,ARE,34
1996,765,ARE,36
1997,766,ARE,37
1998,769,ARE,38
1999,776,ARE,37
2000,782,ARE,40
2001,787,ARE,40
2002,792,ARE,40
2003,798,ARE,39
2004,803,ARE,39
2005,809,ARE,40
2006,814,ARE,40
2007,819,ARE,39
2008,821,ARE,42
2009,819,ARE,44
2010,820,ARE,43
2011,826,ARE,43
2012,832,ARE,43
2013,838,ARE,43
2014,847,ARE,39
2015,859,ARE,37
2016,864,ARE,36
2017,881,ARE,31
2018,889,ARE,31
2019,890,ARE,31
1990,781,GBR,20
1991,794,GBR,18
1992,807,GBR,17
1993,820,GBR,15
1994,833,GBR,12
1995,846,GBR,10
1996,851,GBR,10
1997,856,GBR,10
1998,862,GBR,9
1999,868,GBR,11
2000,874,GBR,10
2001,878,GBR,11
2002,881,GBR,13
2003,885,GBR,13
2004,892,GBR,13
2005,897,GBR,12
2006,896,GBR,15
2007,899,GBR,14
2008,903,GBR,12
2009,906,GBR,11
2010,912,GBR,9
2011,906,GBR,17
2012,904,GBR,19
2013,921,GBR,11
2014,925,GBR,13
2015,923,GBR,13
2016,924,GBR,15
2017,926,GBR,16
2018,928,GBR,16
2019,932,GBR,13
1990,865,USA,2
1991,867,USA,2
1992,872,USA,2
1993,877,USA,1
1994,880,USA,2
1995,883,USA,2
1996,884,USA,3
1997,886,USA,3
1998,889,USA,4
1999,890,USA,4
2000,886,USA,5
2001,889,USA,5
2002,891,USA,5
2003,894,USA,7
2004,897,USA,9
2005,900,USA,9
2006,903,USA,11
2007,906,USA,11
2008,911,USA,9
2009,912,USA,8
2010,916,USA,8
2011,919,USA,8
2012,920,USA,8
2013,918,USA,13
2014,920,USA,14
2015,921,USA,17
2016,922,USA,17
2017,924,USA,17
2018,925,USA,17
2019,926,USA,17
1990,694,URY,53
1991,699,URY,51
1992,702,URY,50
1993,705,URY,47
1994,711,URY,46
1995,712,URY,46
1996,718,URY,48
1997,729,URY,47
1998,737,URY,47
1999,739,URY,47
2000,743,URY,52
2001,747,URY,51
2002,749,URY,52
2003,752,URY,53
2004,755,URY,53
2005,758,URY,56
2006,763,URY,58
2007,765,URY,61
2008,769,URY,63
2009,775,URY,60
2010,782,URY,59
2011,789,URY,57
2012,793,URY,57
2013,800,URY,56
2014,803,URY,56
2015,806,URY,58
2016,810,URY,57
2017,814,URY,56
2018,816,URY,55
2019,817,URY,55
2000,599,UZB,110
2001,607,UZB,110
2002,614,UZB,110
2003,619,UZB,111
2004,626,UZB,114
2005,633,UZB,115
2006,637,UZB,117
2007,649,UZB,116
2008,653,UZB,116
2009,660,UZB,115
2010,669,UZB,112
2011,676,UZB,113
2012,685,UZB,111
2013,692,UZB,111
2014,696,UZB,112
2015,701,UZB,112
2016,705,UZB,109
2017,713,UZB,109
2018,717,UZB,108
2019,720,UZB,107
2005,574,VUT,131
2006,580,VUT,132
2007,583,VUT,133
2008,589,VUT,133
2009,589,VUT,132
2010,590,VUT,134
2011,591,VUT,135
2012,591,VUT,137
2013,593,VUT,137
2014,594,VUT,136
2015,598,VUT,138
2016,598,VUT,139
2017,601,VUT,140
2018,603,VUT,141
2019,609,VUT,141
1990,644,VEN,68
1991,654,VEN,64
1992,660,VEN,64
1993,662,VEN,65
1994,662,VEN,66
1995,666,VEN,65
1996,668,VEN,66
1997,670,VEN,67
1998,672,VEN,69
1999,674,VEN,70
2000,676,VEN,82
2001,684,VEN,81
2002,692,VEN,79
2003,692,VEN,82
2004,704,VEN,77
2005,718,VEN,75
2006,731,VEN,75
2007,748,VEN,71
2008,757,VEN,69
2009,756,VEN,69
2010,757,VEN,70
2011,769,VEN,66
2012,772,VEN,67
2013,777,VEN,68
2014,775,VEN,70
2015,769,VEN,74
2016,759,VEN,83
2017,743,VEN,94
2018,733,VEN,102
2019,711,VEN,114
1990,483,VNM,107
1991,493,VNM,107
1992,504,VNM,105
1993,514,VNM,105
1994,525,VNM,104
1995,537,VNM,106
1996,548,VNM,104
1997,547,VNM,106
1998,567,VNM,103
1999,574,VNM,103
2000,586,VNM,115
2001,594,VNM,115
2002,602,VNM,116
2003,611,VNM,115
2004,620,VNM,116
2005,624,VNM,119
2006,632,VNM,119
2007,640,VNM,118
2008,647,VNM,117
2009,659,VNM,116
2010,661,VNM,121
2011,671,VNM,118
2012,676,VNM,116
2013,681,VNM,118
2014,683,VNM,119
2015,688,VNM,119
2016,693,VNM,117
2017,696,VNM,119
2018,700,VNM,119
2019,704,VNM,118
2004,651,PSE,102
2005,659,PSE,104
2006,659,PSE,108
2007,669,PSE,107
2008,674,PSE,109
2009,679,PSE,108
2010,684,PSE,109
2011,692,PSE,109
2012,698,PSE,108
2013,695,PSE,110
2014,697,PSE,110
2015,701,PSE,109
2016,704,PSE,110
2017,706,PSE,114
2018,708,PSE,115
2019,708,PSE,116
1990,401,YEM,122
1991,401,YEM,124
1992,404,YEM,123
1993,406,YEM,125
1994,408,YEM,124
1995,414,YEM,127
1996,421,YEM,126
1997,426,YEM,127
1998,431,YEM,126
1999,435,YEM,127
2000,444,YEM,144
2001,453,YEM,144
2002,461,YEM,143
2003,470,YEM,144
2004,477,YEM,142
2005,483,YEM,148
2006,488,YEM,150
2007,492,YEM,151
2008,495,YEM,153
2009,502,YEM,155
2010,506,YEM,156
2011,506,YEM,158
2012,504,YEM,162
2013,509,YEM,163
2014,502,YEM,164
2015,483,YEM,172
2016,474,YEM,174
2017,467,YEM,180
2018,468,YEM,180
2019,470,YEM,180
1990,421,ZMB,116
1991,417,ZMB,117
1992,416,ZMB,117
1993,419,ZMB,118
1994,414,ZMB,123
1995,415,ZMB,126
1996,416,ZMB,128
1997,416,ZMB,128
1998,416,ZMB,128
1999,420,ZMB,129
2000,425,ZMB,150
2001,432,ZMB,149
2002,441,ZMB,149
2003,451,ZMB,146
2004,460,ZMB,149
2005,471,ZMB,151
2006,482,ZMB,152
2007,488,ZMB,153
2008,503,ZMB,150
2009,517,ZMB,146
2010,527,ZMB,147
2011,534,ZMB,147
2012,549,ZMB,147
2013,557,ZMB,147
2014,561,ZMB,147
2015,569,ZMB,148
2016,571,ZMB,148
2017,578,ZMB,148
2018,582,ZMB,148
2019,584,ZMB,147
1990,478,ZWE,110
1991,481,ZWE,109
1992,467,ZWE,112
1993,463,ZWE,112
1994,460,ZWE,113
1995,453,ZWE,117
1996,453,ZWE,117
1997,447,ZWE,120
1998,442,ZWE,121
1999,437,ZWE,125
2000,430,ZWE,148
2001,431,ZWE,150
2002,423,ZWE,157
2003,414,ZWE,162
2004,411,ZWE,164
2005,411,ZWE,172
2006,414,ZWE,173
2007,421,ZWE,174
2008,422,ZWE,175
2009,458,ZWE,168
2010,482,ZWE,163
2011,499,ZWE,162
2012,525,ZWE,154
2013,537,ZWE,154
2014,547,ZWE,152
2015,553,ZWE,151
2016,558,ZWE,151
2017,563,ZWE,152
2018,569,ZWE,151
2019,571,ZWE,151
